videoID,userID,title,categoryID,themeID,publishTime
1,132,Dead Man Down,1,2,2013-03-08
2,65,13TH,6,2,2016-10-07
3,54,Hacksaw Ridge,7,1,2016-11-04
4,145,Just My Luck,4,1,2006-05-12
5,86,The Amityville Horror,10,3,2005-04-15
6,82,American Violence,5,1,2017-06-11
7,79,Heartthrob,7,3,2018-01-01
8,68,Wonder,7,1,2017-11-17
9,145,Raising the Bar,7,3,2016-05-02
10,64,Lakeview Terrace,5,2,2008-09-19
11,137,Mostly Sunny,6,1,2017-01-10
12,145,Wedding Unplanned,4,4,2017-04-26
13,120,Nanny McPhee and the Big Bang,4,2,2010-08-20
14,62,Half Girlfriend,7,2,2017-05-19
15,126,Frontline Fighting: Battling ISIS,6,4,2015-09-16
16,105,El Camino Christmas,4,2,2017-12-08
17,55,Heist,1,5,2015-11-11
18,54,Vampires,1,4,1998-10-30
19,62,Air Bud: Seventh Inning Fetch,4,2,2002-06-18
20,78,Three-Quarters Decent,4,4,2012-01-15
21,80,A Wish For Christmas,7,5,2016-10-29
22,115,Baywatch,1,4,2017-05-25
23,128,The Trap,4,3,2019-04-01
24,54,Wheelman,6,1,NOT AVAILABLE
25,122,Lego DC Comics: Batman Be-Leaguered,3,2,2014-10-27
26,76,After Porn Ends 2,6,2,2017-03-28
27,142,The Duel,7,3,2016-06-24
28,134,10 jours en or,4,5,2012-01-11
29,140,When Angels Sleep,7,2,2018-09-07
30,120,Super Dark Times,5,1,2017-09-29
31,104,Warcraft,1,3,2016-06-10
32,79,Rustom,5,4,2016-08-12
33,108,Top Dog,5,5,2014-05-26
34,126,A Life of Its Own: The Truth About Medical Marijuana,6,2,2017-04-09
35,86,The Great Raid,1,2,2005-08-12
36,51,The 40-Year-Old Virgin,4,4,2005-08-19
37,148,Jackass Presents: Bad Grandpa,4,2,2013-10-25
38,71,Good Time,5,1,2017-08-25
39,140,Grown Ups 2,4,4,2013-07-12
40,105,The Killer Elite,1,3,1975-12-19
41,94,The Burning Plain,5,3,2009-11-05
42,86,End of a Gun,1,3,2016-09-23
43,70,Straw Dogs,1,5,2011-09-16
44,78,F/X2,1,5,1991-05-10
45,148,Tucker and Dale vs. Evil,4,4,2010-12-09
46,94,Unicorn Store,4,1,2019-04-05
47,64,American Pie Presents: Beta House,4,4,2007-12-26
48,62,Love Actually,4,1,2003-11-14
49,99,Good Kids,4,5,2016-10-21
50,63,The Kingdom,1,4,2007-09-28
51,96,The Highwaymen,5,1,2019-03-29
52,95,Hot Girls Wanted,6,1,2015-05-29
53,128,It's a Boy Girl Thing,4,2,2006-12-26
54,84,Madso's War,1,2,2010-12-30
55,56,8mm,5,3,1999-02-26
56,144,All About Them,4,2,2015-03-25
57,109,ARQ,1,1,2016-09-16
58,119,Tears of the Sun,1,1,2003-03-07
59,66,Harriet the Spy: Blog Wars,4,4,2010-03-26
60,99,Step Brothers,4,4,2008-07-25
61,61,Batman Ninja,3,4,2018-04-24
62,121,Message from the King,7,3,NOT AVAILABLE
63,88,Don't Knock Twice,7,1,2017-02-03
64,131,The Midnight Meat Train,10,2,2008-10-31
65,130,Criminal Activities,5,2,2015-11-20
66,97,Harvest Moon,4,3,2015-10-10
67,124,"Knock, Knock",7,3,2015-10-09
68,75,The Last Summer,4,1,2019-05-03
69,141,Virgin School,6,3,2007-05-15
70,59,Fatso,4,5,2012-05-04
71,56,Masaan,7,5,2015-06-24
72,135,Switchback,5,4,1997-10-31
73,80,Aliens on the Moon: The Truth Exposed,15,1,2014-07-20
74,149,Shame,7,3,2012-01-13
75,88,Home Again,4,3,2017-09-08
76,61,Hush,10,3,2016-04-08
77,80,Insidious: Chapter 2,10,1,2013-09-13
78,63,Jora 10 Numbaria,1,1,2017-09-01
79,99,The Firm,7,4,1993-06-30
80,86,Magic Mike XXL,4,4,2015-07-01
81,109,Stronger,7,1,2017-09-29
82,132,Jem and the Holograms,2,4,2015-10-23
83,97,Bring It On: In It to Win It,4,5,2007-12-18
84,71,Mark & Russell's Wild Ride,2,1,2015-11-23
85,98,Alien Abduction,10,2,2014-05-01
86,96,Shimmer Lake,5,2,2017-06-09
87,77,Home Invasion,5,5,2016-02-02
88,136,30 Minutes or Less,1,1,2011-08-12
89,85,An American Girl: McKenna Shoots for the Stars,7,5,2012-07-03
90,140,Rules of Engagement,7,3,2000-04-07
91,138,Concussion,7,4,2013-12-05
92,133,The Visit,10,2,2015-09-11
93,60,The Secret Scripture,7,4,2017-10-13
94,128,Capitalism: A Love Story,6,1,2009-10-02
95,132,Sharknado: The 4th Awakens,10,2,2016-07-31
96,72,American Pie Presents: The Naked Mile,4,5,2006-12-19
97,119,Spy Kids,1,3,2001-03-30
98,144,Fred 3: Camp Fred,4,5,2012-07-28
99,82,Traffik,1,2,2018-04-20
100,71,Despido Procedente,4,4,2017-06-30
101,110,Okja,1,4,2017-06-28
102,99,Love and Shukla,4,3,2018-01-06
103,85,Automata,1,2,2014-10-17
104,132,Carrie,10,2,1976-11-16
105,139,Our Lovers,4,2,2016-06-03
106,122,My Little Pony: The Movie,3,1,2017-10-06
107,79,The Adventures of Food Boy,4,4,2008-04-01
108,138,Chopsticks,4,4,2019-05-31
109,92,Faster,1,4,2010-11-24
110,149,Abzurdah,7,1,2015-06-04
111,150,Little Lunch: The Nightmare Before Graduation,4,5,NOT AVAILABLE
112,58,Midnight Special,7,2,2016-04-21
113,80,Hired Gun,6,2,2017-08-01
114,55,The Amazing Spider-Man 2,1,2,2014-05-02
115,91,Make It Happen,7,5,2008-08-08
116,102,Take the 10,4,3,2017-01-20
117,85,Love By Chance,4,3,2016-04-16
118,59,Bright,1,2,2017-12-22
119,78,Percentage,1,2,2014-04-24
120,123,Holiday: A Soldier Is Never Off Duty,1,4,2014-06-06
121,142,Extraction,1,2,2015-12-18
122,91,Django Unchained,7,3,2012-12-25
123,78,Miller's Crossing,5,5,1990-10-05
124,134,Chosen,7,3,2016-08-02
125,114,The Fate of the Furious,1,4,2017-04-14
126,101,Blow,5,1,2001-04-06
127,133,Looking Glass,13,2,2018-02-16
128,109,True Memoirs of an International Assassin,1,3,2016-11-11
129,69,The Longest Yard,4,3,2005-05-27
130,84,Ugly,5,2,2014-12-26
131,68,From Dusk Till Dawn 2: Texas Blood Money,5,4,1999-03-16
132,82,National Security,1,1,2003-01-17
133,146,War Machine,4,4,2017-05-26
134,122,Dirty Grandpa,4,5,2016-01-22
135,119,Now You See Me 2,1,3,2016-06-10
136,84,The Babysitter,7,3,1995-10-17
137,146,The Preacher's Son,7,4,2017-03-03
138,125,Killing Me Softly,7,5,2002-06-21
139,105,The Circle,7,4,2017-04-28
140,125,From Fat to Finish Line,6,2,2016-08-02
141,102,Girl Missing,17,4,2015-10-25
142,97,Seven Psychopaths,4,2,2012-10-12
143,79,The Giant,7,2,2017-10-20
144,68,How the Grinch Stole Christmas,4,1,2000-11-17
145,116,Runnin' Down a Dream,6,3,2007-10-14
146,114,Deepwater Horizon,1,2,2016-09-30
147,62,Sisters,4,5,2015-12-18
148,147,The Girl Who Played with Fire,5,3,2010-08-27
149,57,San Andreas,1,5,2015-05-29
150,65,Koi... Mil Gaya,1,3,2003-08-08
151,70,American Gangster,5,1,2007-11-02
152,131,How to Get Over a Breakup,4,2,2018-05-31
153,71,Set It Up,4,5,2018-06-15
154,138,The Dolphin,3,2,2009-10-08
155,105,Twisted,5,2,2004-02-27
156,127,Poltergeist III,10,5,1988-06-10
157,59,Temple,2,4,2017-09-01
158,100,Derren Brown: The Push,6,1,2015-11-08
159,99,The Martian,2,4,2015-10-02
160,127,A Christmas Detour,4,2,2015-11-28
161,110,Halo 4: Forward Unto Dawn,1,2,2012-10-05
162,118,Battle Royale,1,4,2000-12-16
163,83,The Accidental Husband,4,1,2008-02-29
164,121,Redcon-1,1,5,2019-05-03
165,52,Casper's Haunted Christmas,3,2,2000-10-31
166,138,Lusers,2,1,2015-10-01
167,143,Golden Years,1,2,2016-04-29
168,65,Captain Phillips,5,1,2013-10-11
169,138,Thief,1,4,1981-03-27
170,119,Friends with Kids,4,3,2012-03-16
171,147,Don't Kill It,1,5,2017-03-03
172,85,Nim's Island,2,5,2008-04-04
173,149,Veerappan,1,1,2016-05-27
174,133,Mother's Day,4,2,2016-04-29
175,94,Cloudy with a Chance of Meatballs 2,3,2,2013-09-27
176,65,District 9,1,4,2009-08-14
177,88,Hot Bot,4,4,2016-03-01
178,106,A Flying Jatt,1,3,2016-08-25
179,71,Diary of the Dead,9,4,2008-02-22
180,109,High Risk,1,5,1995-07-12
181,51,On Yoga The Architecture of Peace,6,3,2017-11-16
182,143,From Japan to Egypt,6,1,2017-01-06
183,143,Manhole,10,1,2014-10-08
184,84,Baby Mama,4,1,2008-04-25
185,115,Reclaim,1,3,2014-09-19
186,148,#realityhigh,4,3,2017-09-08
187,73,Sandy Wexler,14,1,NOT AVAILABLE
188,115,Silencer,1,3,2018-09-04
189,64,Larry Crowne,4,3,2011-07-01
190,131,Mission: Impossible II,1,1,2000-05-24
191,89,Off Course,4,3,2015-03-06
192,132,American Sniper,1,1,2015-01-16
193,115,Tope: The Bait,7,5,2016-09-01
194,128,The Seventh Sign,7,4,1988-04-01
195,76,A Walk Among the Tombstones,1,5,2014-09-19
196,70,The Hunter,2,1,2011-10-06
197,98,Natascha Kampusch: The Whole Story,6,1,NOT AVAILABLE
198,148,The Ides of March,7,1,2011-10-07
199,71,Full Out,7,1,2015-09-11
200,120,Bleach,1,5,2018-07-20
201,150,Foo Fighters: Back and Forth,6,4,2011-04-05
202,118,The Hunger Games: Catching Fire,1,1,2013-11-22
203,51,Aquarius,7,5,2016-09-01
204,127,Jay and Silent Bob Strike Back,4,1,2001-08-24
205,92,Quarantine,1,1,2008-10-10
206,113,Land of the Lost,1,3,2009-06-05
207,53,50/50,4,1,2011-09-30
208,65,Saved!,4,4,2004-06-11
209,97,The Humanity Bureau,1,4,2018-04-06
210,90,You Don't Mess with the Zohan,4,5,2008-06-06
211,81,Genghis Khan,2,2,1965-06-23
212,58,The Mummy: Tomb of the Dragon Emperor,1,2,2008-08-01
213,81,The Good Night,4,3,2008-01-18
214,123,Vicky Cristina Barcelona,4,3,2008-08-15
215,61,Son of Alladin,10,5,NOT AVAILABLE
216,61,Transporter 3,1,1,2008-11-26
217,144,Pitch Perfect 2,4,5,2015-05-15
218,113,Dragons: Dawn of the Dragon Racers,3,1,2014-11-11
219,59,Tamanchey,5,3,2014-10-10
220,148,The Tourist,1,2,2010-12-10
221,119,I Am Wrath,1,1,2016-04-15
222,149,Fittest on Earth: The Story of the 2015 Reebok CrossFit Games,6,4,2016-02-23
223,67,David Bowie: Five Years,6,5,2013-05-25
224,67,Air Bud: Spikes Back,4,4,2003-06-24
225,135,Ukraine Is Not a Brothel,6,4,2016-03-08
226,111,I'll Be Home for Christmas,7,5,2016-11-27
227,121,Sicario: Day of the Soldado,1,3,2018-06-29
228,72,The Magnificent Seven,1,2,2016-09-23
229,84,A Witches' Ball,8,2,2018-10-01
230,118,Impostor,7,3,2002-01-04
231,128,Teefa in Trouble,1,2,2018-07-20
232,105,Sex Doll,17,4,2017-02-10
233,78,Love Per Square Foot,4,1,2018-02-14
234,120,The Transporter Refueled,1,1,2015-09-04
235,147,The Twilight Saga: Breaking Dawn: Part 2,2,4,2012-11-16
236,144,Santa Claws,8,2,2015-12-03
237,139,Mountain Men,4,1,2016-01-29
238,76,Louis Theroux: The City Addicted to Crystal Meth,6,2,2009-08-09
239,142,Joey,8,4,1997-12-26
240,90,I Feel Pretty,4,5,2018-04-20
241,102,Terminus,7,2,2016-01-22
242,136,Elle,5,4,2016-11-11
243,134,Meet the Blacks,4,3,2016-04-01
244,98,Tracers,1,2,2015-03-20
245,107,Bottom of the World,7,3,2017-03-01
246,117,Takers,1,3,2010-08-27
247,108,Open Season,3,4,2006-09-29
248,66,Rise of the Guardians,3,2,2012-11-21
249,82,Savage Dog,1,1,2017-08-04
250,79,Oblivion,1,4,2013-04-19
251,59,Sierra Burgess Is A Loser,4,4,2018-09-07
252,94,Chappie,1,2,2015-03-06
253,53,Monster: The Josef Fritzl Story,6,4,NOT AVAILABLE
254,126,Three,1,4,2016-06-24
255,121,Say When,4,5,2014-10-24
256,80,Peter Pan,2,2,2003-12-25
257,126,T2 Trainspotting,7,3,2017-03-31
258,79,The Patriot,1,2,2000-06-28
259,51,We're Back! A Dinosaur's Story,3,3,1993-11-24
260,60,How to Make Love Like an Englishman,4,4,2015-08-21
261,141,21,5,2,2008-03-28
262,131,ReMastered: Devil at the Crossroads,6,1,2019-04-26
263,58,Violet & Daisy,1,2,2013-06-06
264,80,Bait,7,2,2015-09-04
265,59,Restrepo,6,1,2010-08-06
266,55,Colours of Passion,7,1,2014-11-07
267,93,Patriots Day,1,2,2017-01-13
268,60,IBOY,1,1,2017-01-27
269,116,Divines,5,3,2016-11-18
270,81,The Ridiculous 6,1,5,2015-12-11
271,86,Supernova,10,1,2000-01-14
272,136,The Guardian Brothers,3,2,2016-01-01
273,113,Wind River,5,4,2017-08-18
274,78,Nell,7,1,1994-12-23
275,120,Kidnap,1,3,2017-08-04
276,67,Pitch Black,1,2,2000-02-18
277,143,Banking on Bitcoin,6,2,NOT AVAILABLE
278,124,The Twilight Saga: Breaking Dawn: Part 1,2,1,2011-11-18
279,124,Jack Reacher,1,5,2012-12-21
280,111,Get Me Roger Stone,6,1,2017-05-12
281,82,Layer Cake,1,1,2005-06-03
282,111,The Guilt Trip,4,3,2012-12-19
283,103,Return to Sender,7,3,2015-08-14
284,75,The Laws of Thermodynamics,4,4,2018-08-31
285,63,The Legend of 420,6,3,2017-09-20
286,63,That Awkward Moment,4,4,2014-01-31
287,135,Cropsey,6,3,2009-04-25
288,106,Annihilation,2,2,2018-02-23
289,96,Our House,7,3,2018-07-27
290,105,The Worthy,1,4,2017-02-23
291,103,Little Fockers,4,1,2010-12-22
292,110,Grimsby,1,2,2016-03-11
293,144,Back to the Future,2,1,1985-07-03
294,57,Couples Retreat,4,4,2009-10-09
295,137,Babes in Toyland,2,3,1986-12-19
296,134,Money,5,2,2017-06-27
297,133,Because We're Heading Out,4,4,2016-09-08
298,63,The Boss's Daughter,4,2,2016-01-06
299,58,Divergent,1,5,2014-03-21
300,102,Mubarakan,4,4,2017-07-28
301,144,Eyyvah Eyyvah 3,4,1,2014-01-31
302,94,Driven to Kill,1,4,2009-05-19
303,64,The Bad Education Movie,4,4,2015-08-21
304,82,Seduced,7,3,2016-04-20
305,75,A Futile and Stupid Gesture,4,1,2018-01-26
306,75,6 Souls,10,2,2013-03-01
307,119,A Weekend with the Family,4,4,2016-04-01
308,108,Pyaar Ka Punchnama 2,4,5,2015-10-16
309,68,Date with Love,4,2,2016-05-21
310,105,The Art of Loving,4,1,2017-01-27
311,74,Fast Five,1,3,2011-04-29
312,86,Concussion,7,1,2015-12-25
313,110,John Wick,1,5,2014-10-24
314,82,American Experience: Tesla,6,1,2016-10-18
315,60,Madagascar 3: Europe's Most Wanted,3,5,2012-06-08
316,107,Adventureland,4,3,2009-04-03
317,121,Harold & Kumar Go to White Castle,2,4,2004-07-30
318,63,The Doll,10,1,2019-01-15
319,57,Trainwreck,4,5,2015-07-17
320,134,Soorma,7,1,2018-07-13
321,120,Schindler's List,7,1,1994-02-04
322,52,Floating!,4,5,2016-01-07
323,62,Ip Man,1,1,2008-12-12
324,147,A Scandall,17,3,2016-06-24
325,81,Revolt,1,4,2017-07-01
326,72,Colors of Heaven,4,1,NOT AVAILABLE
327,103,Zoolander 2,1,1,2016-02-12
328,113,Ella Enchanted,4,3,2004-04-09
329,112,What We Did on Our Holiday,4,3,2015-07-10
330,78,The Chosen Ones,7,1,2016-01-20
331,102,Kung Fu Panda,3,3,2008-06-06
332,58,Gangs of New York,5,4,2002-12-20
333,72,B.A. Pass 2,7,2,2017-09-15
334,99,Maid in Manhattan,4,3,2002-12-13
335,51,Bee Movie,3,4,2007-11-02
336,100,Stasis,1,3,2017-08-29
337,84,211,1,5,2018-06-08
338,109,The Hitman's Bodyguard,1,1,2017-08-18
339,87,Iron Man 2,1,2,2010-05-07
340,105,Welcome to Yesterday,7,5,2015-01-30
341,140,Duck Butter,4,2,2018-04-27
342,144,Barbie Dolphin Magic,3,2,2017-09-18
343,122,The Guest House,14,5,2012-09-04
344,135,The Blackcoat's Daughter,10,3,2017-02-16
345,142,"Angus, Thongs and Perfect Snogging",4,5,2008-07-25
346,113,Bridge to Terabithia,7,3,2007-02-16
347,70,One Night,7,2,NOT AVAILABLE
348,75,Europa Report,7,4,2013-06-27
349,88,Happy Christmas,4,4,2014-06-26
350,78,Baazaar,5,5,2018-10-26
351,58,Changing Lanes,7,3,2002-04-12
352,125,The Wolf of Wall Street,5,1,2013-12-25
353,145,Bokeh,7,2,2017-03-24
354,120,The Best Offer,5,5,2014-01-01
355,58,Battle Drone,1,2,2018-03-01
356,146,A Christmas Horror Story,9,2,2015-10-02
357,91,Lucid Dream,15,2,2017-06-02
358,58,A Knight's Tale,1,2,2001-05-11
359,57,BoJack Horseman Christmas Special: Sabrina's Christmas Wish,3,3,2014-12-19
360,125,Spring Breakers,5,4,2013-03-22
361,112,Kill Bill: Vol. 1,1,4,2003-10-10
362,115,Inferno,1,5,2016-10-28
363,118,Omar and Salma 3,4,4,2012-02-23
364,71,Sundown,1,1,2016-05-13
365,58,Nasha,7,2,2013-07-26
366,116,Cocaine Cowboys,6,2,2007-11-23
367,61,Uptown Girls,4,1,2003-08-15
368,74,Ms. Matched,4,5,2016-06-04
369,59,Mac & Devin Go to High School,4,4,2012-07-03
370,127,The Other Side of the Door,10,3,2016-03-04
371,59,Warm Bodies,4,2,2013-02-01
372,137,The Road,7,5,2009-11-25
373,81,Theater of Life,6,4,2016-10-10
374,102,Screwed,5,2,2011-06-03
375,66,Deadpool,1,3,2016-02-12
376,123,Alvin and the Chipmunks: The Road Chip,3,4,2015-12-18
377,82,The Purge,10,2,2013-06-07
378,125,Leap!,3,1,2017-08-25
379,127,The Lazarus Effect,10,4,2015-02-27
380,56,Fast & Furious 6,1,1,2013-05-24
381,130,X: Past Is Present,7,2,2015-11-20
382,61,Holy Goalie,4,4,2018-04-27
383,104,Garbage,7,2,2018-05-20
384,135,OtherLife,5,5,2017-10-15
385,125,Beyond Borders,2,4,2003-10-24
386,123,The Interview,1,2,2014-12-24
387,117,The Expendables 3,1,1,2014-08-15
388,91,The Fast and the Furious,1,4,2001-06-22
389,84,Henry Gamble's Birthday Party,7,2,2016-01-08
390,77,Check Point,1,3,2017-01-20
391,136,Icarus,6,5,2017-08-04
392,142,The Miseducation of Cameron Post,7,3,2018-09-07
393,91,Need for Speed,1,3,2014-03-14
394,81,The Rewrite,4,3,2015-02-13
395,84,Victor Frankenstein,7,2,2015-11-25
396,101,Escorts,6,5,2015-05-21
397,67,"Alexander and the Terrible, Horrible, No Good, Very Bad Day",4,5,2014-10-10
398,136,After Porn Ends,6,2,2012-05-21
399,133,The Guv'nor,6,1,2016-10-05
400,89,Blow Out,5,5,1981-07-24
401,109,6 Days,1,2,2017-08-18
402,91,Irreplaceable You,4,2,2018-02-16
403,147,The Killer,19,4,2017-11-10
404,60,Honey 2,4,5,2011-08-01
405,52,The Perks of Being a Wallflower,7,4,2012-10-12
406,109,Luck,1,2,2009-07-31
407,130,50 First Dates,4,4,2004-02-13
408,123,Power Rangers Super Megaforce: The Legendary Battle (Extended),1,5,2014-11-22
409,63,Pehchaan: The Face of Truth,7,3,2005-06-24
410,60,The 6th Day,1,4,2000-11-17
411,119,Endless Love,7,3,2014-02-14
412,78,When the Bough Breaks,5,3,2016-09-09
413,115,Creep 2,10,3,2017-10-24
414,84,Chalk It Up,4,3,2016-09-13
415,67,When We First Met,4,3,2018-02-09
416,95,The Keep,7,3,1983-12-16
417,59,The Bomb,6,3,2017-08-01
418,82,World War Z,1,3,2013-06-21
419,98,The Holiday,4,2,2006-12-08
420,87,Assassin's Creed,1,4,2016-12-21
421,71,Closer,7,2,2004-12-03
422,107,The Smurfs 2,3,4,2013-07-31
423,120,"Abdullah, The Final Witness",1,4,2016-10-28
424,141,Nick of Time,1,3,1995-11-22
425,89,"Mum, Dad, Meet Sam",4,1,2014-12-06
426,129,Lens,7,5,NOT AVAILABLE
427,134,Max Steel,1,5,2016-10-14
428,118,Mary Kom,1,1,2014-09-05
429,52,Errementari: The Blacksmith and the Devil,9,2,2018-10-12
430,136,The Wailing,10,2,2016-06-03
431,121,A Good Marriage,5,4,2014-10-03
432,89,By the Sea,7,5,2015-12-09
433,135,Agent Cody Banks 2: Destination London,1,5,2004-03-12
434,64,Alpha Dog,5,1,2007-01-12
435,68,Fight Club,7,2,1999-10-15
436,84,Eddie the Eagle,4,1,2016-02-26
437,65,3 Türken & ein Baby,4,4,2018-03-16
438,64,The Right One,7,3,2011-12-11
439,146,The Shallows,7,3,2016-06-24
440,121,Total Recall,1,2,2012-08-03
441,70,Lone Survivor,1,1,2014-01-10
442,85,Mercy,7,1,2016-11-22
443,87,Q20971251,4,2,2015-08-20
444,128,The Holcroft Covenant,1,1,1985-10-18
445,77,Harlock: Space Pirate,3,5,2014-08-01
446,142,Jigsaw,4,5,2017-10-27
447,94,The Young Offenders,2,4,2016-09-16
448,77,The Intent,5,3,2016-07-29
449,138,Fighting,1,2,2009-04-24
450,132,"I Love You, Man",4,5,2009-03-20
451,84,Dark Places,5,4,2015-06-18
452,115,In a Relationship,4,5,2018-04-20
453,113,Precious Puppies,6,1,NOT AVAILABLE
454,83,Office Christmas Party,4,3,2016-12-09
455,57,RV,2,1,2006-04-28
456,62,The Huntsman: Winter's War,1,4,2016-04-22
457,132,Obsessed,7,2,2009-04-24
458,105,16 and Missing,17,1,2015-10-24
459,86,No Escape,1,1,2015-08-26
460,56,Black Dynamite,1,3,2010-01-13
461,51,Spike Island,4,2,2015-05-08
462,93,Eye for an Eye,5,5,1996-01-12
463,149,The Krays: The Myth Behind the Legend,6,4,2015-09-14
464,67,The Party,4,2,2018-02-16
465,132,SPF-18,7,4,2017-09-29
466,84,The Motive,4,3,2017-11-17
467,71,Kid Cannabis,4,1,2014-04-18
468,145,Barely Lethal,1,2,2015-04-30
469,107,Insan,1,5,2005-01-14
470,121,Hitler's Steel Beast,6,3,NOT AVAILABLE
471,141,Us and Them,5,3,2018-03-16
472,105,Spectral,1,3,2016-12-09
473,122,The Baby-Sitters Club,4,1,1995-08-18
474,52,The Colony,1,3,2013-09-20
475,65,Barakah Meets Barakah,4,5,2016-09-08
476,60,Michael Inside,7,4,2018-04-06
477,139,Deewaar,1,3,2004-06-25
478,70,The Night Eats the World,7,3,2018-07-13
479,120,Honeymoon From Hell,10,1,2016-07-16
480,55,Lady-Like,4,2,2019-01-18
481,98,Urge,17,4,2016-06-03
482,125,Tower Heist,1,3,2011-11-04
483,121,Beauty and the Beast,8,1,2017-03-17
484,69,Sing,3,1,2016-12-21
485,106,Appropriate Behavior,4,4,2015-01-16
486,67,Contract,1,3,2008-07-18
487,56,We Need to Talk,4,5,2016-02-26
488,90,Bare,7,2,2015-10-30
489,97,Big Momma's House 2,4,4,2006-01-27
490,56,Paul,2,4,2011-03-18
491,96,The BFG,2,1,2016-07-01
492,77,Did You Hear About the Morgans?,4,3,2009-12-18
493,138,Killer App,17,2,2017-03-21
494,82,Angry Indian Goddesses,4,2,2015-12-04
495,136,Blind Date,4,1,2015-05-06
496,64,Diving into the Unknown,6,2,2016-02-19
497,96,Bright Night,7,3,2018-12-25
498,150,The Girl with All the Gifts,1,5,2017-01-26
499,122,Halo: The Fall of Reach,3,4,2015-10-27
500,103,Heroin(e),6,2,2017-09-12
501,130,Romantik Komedi,4,1,2010-02-05
502,146,Monsters: Dark Continent,1,1,2015-04-17
503,70,Gaga: Five Foot Two,6,1,2017-09-22
504,81,James and the Giant Peach,3,3,1996-04-12
505,71,I'm in Love with a Church Girl,5,3,2013-12-06
506,73,Hold the Dark,1,4,2018-09-28
507,103,Gandu,7,1,2010-10-29
508,54,Boyka: Undisputed,1,2,2017-07-27
509,73,Horrible Bosses 2,4,2,2014-11-26
510,145,Pee-wee's Big Holiday,4,2,2016-03-18
511,93,Ashby,4,1,2015-09-25
512,103,The Grudge,10,2,2004-10-22
513,136,Evidence of Blood,7,3,1998-04-13
514,145,The First Time,4,3,2013-02-07
515,82,Bilu Rakkhosh,7,1,NOT AVAILABLE
516,85,The Zero Theorem,4,2,2014-08-19
517,71,The Princess Switch,4,5,2018-11-16
518,140,David vs. Goliath: Battle of Faith,14,2,NOT AVAILABLE
519,64,Sand Castle,1,5,2017-04-21
520,99,8 Mile,7,5,2002-11-08
521,55,Mission Control: The Unsung Heroes of Apollo,6,2,2017-03-14
522,111,2020-07-22 00:00:00,5,2,2018-10-10
523,79,WarGames,1,3,1983-06-03
524,76,Shahid,7,1,2013-10-18
525,109,Ouija: Origin of Evil,7,5,2016-10-21
526,95,Bad Teacher,4,1,2011-06-24
527,90,Bruno and Boots: Go Jump in the Pool,8,3,2016-04-01
528,80,Brij Mohan Amar Rahe,4,4,NOT AVAILABLE
529,79,Fury,1,5,2014-10-17
530,54,Fifty,7,5,2015-12-18
531,135,The Ballad of Buster Scruggs,4,1,2018-11-09
532,75,The Man from Nowhere,1,1,2010-08-05
533,102,Machine Gun Preacher,1,1,2011-11-02
534,93,Bram Stoker's Dracula,10,4,1992-11-13
535,86,The Age of Adaline,7,1,2015-04-24
536,59,The Night Comes for Us,1,1,2018-10-19
537,149,The Last Witch Hunter,1,3,2015-10-23
538,86,Into the Woods,2,1,2014-12-25
539,95,Happy New Year,1,2,2014-10-24
540,133,Underworld: Blood Wars,1,4,2017-01-06
541,116,Rush Hour 3,1,4,2007-08-10
542,102,A Hologram for the King,4,2,2016-04-28
543,137,Haider,1,3,2014-10-02
544,119,American Honey,7,3,2016-10-14
545,93,Malibu Rescue,1,5,2019-05-13
546,54,Death Race,1,5,2008-08-22
547,65,Maximum Conviction,1,3,2013-01-12
548,84,American Poltergeist,10,5,2015-05-29
549,73,Dream Boat,6,3,2017-07-13
550,125,My Sex Robot,6,1,NOT AVAILABLE
551,84,Naked,15,5,NOT AVAILABLE
552,55,Amar,7,3,2017-04-21
553,64,Twilight,7,2,2008-11-21
554,127,Feel Rich,6,2,2017-05-23
555,106,What the Health,6,3,2017-03-07
556,95,The Break-Up,4,2,2006-06-02
557,144,Hoodwinked!,3,2,2006-01-13
558,91,Addicted to Sexting,6,5,2015-11-17
559,106,Skiptrace,1,1,2016-09-02
560,128,Filmistaan,4,3,2014-06-06
561,116,He Even Has Your Eyes,4,3,2017-01-18
562,65,Zambezia,3,1,2012-12-28
563,100,The Devil's Double,7,1,2011-09-08
564,124,Hitman: Agent 47,1,4,2015-08-21
565,75,Sydney White,4,3,2007-09-21
566,83,Jurassic World,1,5,2015-06-12
567,56,NOVA: Inside Einstein's Mind,6,1,2015-11-25
568,141,Final Portrait,4,1,2018-03-23
569,106,Burn Out,1,2,2019-03-01
570,51,Beyond the Clouds,7,2,2018-04-20
571,117,2 States,4,5,2014-04-18
572,119,Derren Brown: Sacrifice,18,5,2018-10-19
573,138,The Hateful Eight,5,5,2015-12-30
574,143,Northmen - A Viking Saga,1,2,2014-10-23
575,145,Minor Details,2,2,2009-02-05
576,145,Dig Two Graves,7,4,2017-03-24
577,136,Mowgli: Legend of the Jungle,2,3,2018-12-07
578,76,Father of the Year,4,4,2018-07-20
579,97,The Legend of Michael Mishra,4,3,2016-08-05
580,106,Operation Finale,7,1,2018-08-29
581,59,The Ring Two,10,2,2005-03-18
582,136,Bioscope,7,3,2015-07-17
583,93,Aileen: Life and Death of a Serial Killer,6,4,2003-11-21
584,130,Breakout,1,3,2013-09-17
585,91,Green Room,10,5,2016-05-13
586,135,ABCD 2,7,1,2015-06-19
587,66,Pandemic,1,5,2016-04-01
588,143,Fahrenheit 9/11,6,5,2004-06-25
589,89,Kill For Me,7,4,2013-02-12
590,115,All Stars,4,4,2013-05-03
591,90,Strange Magic,3,3,2015-01-23
592,136,The Little Girl Who Lives Down the Lane,7,2,1977-01-26
593,103,Christmas Inheritance,4,1,2017-12-15
594,92,Godzilla,1,2,1998-05-20
595,102,Zapped,4,4,2014-06-23
596,140,Killer Klowns from Outer Space,4,4,1988-05-27
597,88,Battle,7,5,2018-09-28
598,121,Holiday Joy,4,5,2016-12-08
599,67,Norm of the North,3,1,2016-01-15
600,75,Hotel for Dogs,4,4,2009-01-16
601,104,Criminal Law,5,3,1989-04-28
602,136,Il giovane favoloso,7,1,2014-10-16
603,99,Clinical,10,1,2017-01-13
604,137,Trollhunter,7,5,2010-10-29
605,146,Running for Grace,8,5,2018-08-17
606,73,Pygmies: The Children of the Jungle,6,4,2011-12-03
607,129,The Darkest Hour,1,1,2011-12-25
608,123,13,5,3,2010-03-01
609,89,"What Happened, Miss Simone?",6,1,2015-06-24
610,102,Looper,1,1,2012-09-28
611,121,Scary Movie,4,4,2000-07-07
612,51,Miss India America,4,2,2016-03-24
613,89,The Blues Brothers,2,3,1980-06-20
614,87,Race,7,1,2016-02-19
615,77,Notting Hill,4,3,1999-05-28
616,106,Ascharyachakit!,7,4,2018-12-19
617,125,Dayveon,7,5,2017-09-27
618,128,Q27703687,5,3,2016-01-15
619,134,Deha,14,5,NOT AVAILABLE
620,92,The Basement,10,5,2020-04-01
621,110,Meet The Firm: Revenge In Rio,16,2,NOT AVAILABLE
622,107,Apt Pupil,5,2,1998-10-23
623,107,A Quiet Passion,7,1,2017-04-07
624,137,Candy Jar,4,5,2018-04-27
625,78,The Saint,1,3,2017-07-11
626,116,Triple 9,1,5,2016-02-26
627,111,You Get Me,5,3,2017-06-23
628,145,The Numbers Station,1,1,2013-04-26
629,72,The Losers,1,1,2010-04-23
630,135,Boy Bye,7,2,NOT AVAILABLE
631,61,Sarajevo,7,2,NOT AVAILABLE
632,87,BLAME!,6,2,NOT AVAILABLE
633,116,I Kill Giants,7,3,2018-03-23
634,135,Fifty Shades Darker,7,5,2017-02-10
635,132,Abducted,1,1,2014-03-17
636,130,3 Days to Kill,1,4,2014-02-21
637,93,Spaceballs,2,2,1987-06-24
638,62,Print the Legend,6,1,2014-09-26
639,147,Inglourious Basterds,2,4,2009-08-21
640,81,The Vault,5,4,2017-09-01
641,137,Maroon,17,3,NOT AVAILABLE
642,90,Legally Blonde,4,4,2001-07-13
643,79,Deep Web,6,4,2015-11-21
644,76,El Clan,5,1,2015-08-13
645,69,Hell and Back,3,2,2015-10-02
646,54,Cloverfield,1,3,2008-01-18
647,56,Slow TV: Northern Railway,8,4,NOT AVAILABLE
648,82,From Dusk till Dawn (franchise),11,1,NOT AVAILABLE
649,111,Warrior,1,3,2011-09-09
650,129,The Invisible Guardian,5,5,2017-08-03
651,149,44034,6,2,NOT AVAILABLE
652,60,Magic Mike,4,4,2012-06-29
653,109,Bright,9,4,NOT AVAILABLE
654,104,The Bombing,1,4,2018-10-26
655,131,The Last Heist,1,4,2016-06-17
656,124,Mad Max: Fury Road,1,3,2015-05-15
657,75,Fair Game,7,1,2010-12-03
658,142,Minimalism: A Documentary About the Important Things,6,4,NOT AVAILABLE
659,140,Naomi and Ely's No Kiss List,4,3,2015-09-18
660,100,Aashayein,7,1,2010-08-27
661,114,Magnus,6,1,2016-11-18
662,102,Fifty Shades of Black,4,4,2016-01-29
663,82,Forever My Girl,7,2,2018-01-19
664,69,Jessabelle,7,3,2014-11-07
665,134,XXX: State of the Union,1,2,2005-04-29
666,139,The Dorm,10,5,2015-11-02
667,51,The Substitute,1,3,1996-04-19
668,147,Kickboxer: Vengeance,1,3,2016-09-01
669,149,Mr. Brooks,5,5,2007-06-01
670,64,Max 2: White House Hero,8,5,2017-05-12
671,150,Siberia,5,3,2018-07-13
672,105,Matilda,4,1,1996-08-02
673,79,Don't Be a Menace to South Central While Drinking Your Juice in the Hood,4,5,1996-01-12
674,73,The Flintstones,4,2,1994-05-27
675,140,Big Stan,1,5,2008-06-06
676,117,Resident Evil: Afterlife,1,5,2010-09-10
677,110,Men in Black 3,1,2,2012-05-25
678,57,Envy,4,2,2004-04-30
679,122,Bridesmaids,4,3,2011-05-13
680,82,Sufi Soul: The Mystic Music of Islam,6,5,2005-11-06
681,66,Twinsanity,10,4,2018-04-12
682,109,Jumanji,2,1,1995-12-15
683,68,Starship Troopers: Invasion,3,5,2012-07-21
684,110,Personal Shopper,7,2,2017-03-10
685,136,Countdown to Death: Pablo Escobar,6,5,NOT AVAILABLE
686,118,Food Choices,6,2,2016-09-02
687,122,Pompeii,1,2,2014-02-21
688,127,And Breathe Normally,7,1,2019-01-04
689,91,Couples Counseling,4,1,2016-12-08
690,147,Scary Movie 3,4,1,2003-10-24
691,107,Safe,1,1,2012-04-27
692,129,Petta (Telugu Version),11,5,NOT AVAILABLE
693,143,Ouija,10,5,2014-10-24
694,115,Doctor Strange,1,1,2016-11-04
695,105,Acts of Violence,1,1,2018-01-12
696,121,That Girl in Yellow Boots,5,1,2011-09-02
697,108,Holy Camp!,12,2,2017-09-29
698,71,Alice Through the Looking Glass,2,4,2016-05-27
699,146,Life,10,4,2017-03-24
700,111,Caida del Cielo,4,3,2016-05-12
701,108,Nymphomaniac: Volume II,7,1,2014-03-20
702,84,The Adventures of Sharkboy and Lavagirl,1,1,2005-06-10
703,147,Avengers: Age of Ultron,1,4,2015-05-01
704,82,The Five-Year Engagement,4,1,2012-04-27
705,132,After the Ball,4,2,2015-04-24
706,86,Trolls Holiday Special,3,1,2017-11-24
707,149,Bachelorette,4,1,2012-09-06
708,150,The Invitation,7,1,2016-04-08
709,117,Sanju,7,1,2018-06-29
710,113,Mirror Mirror,2,2,2012-03-30
711,131,Teenage Mutant Ninja Turtles: Out of the Shadows,1,3,2016-06-03
712,81,Jennifer 8,5,1,1992-11-06
713,86,Volcano,1,2,1997-04-25
714,107,Power Rangers,1,2,2017-03-24
715,60,Ted,4,5,2012-06-29
716,142,Triple Frontier,1,4,2019-03-13
717,87,The Goonies,2,2,1985-06-07
718,81,Hurricane Bianca,4,4,2016-09-19
719,85,Watchmen,1,1,2009-03-06
720,93,The Punisher,1,2,2004-04-16
721,91,Batman v Superman: Dawn of Justice,1,5,2016-03-25
722,120,Fifty Shades of Grey,7,1,2015-02-13
723,61,The Finest Hours,1,2,2016-01-29
724,68,Winx Club: The Mystery of the Abyss,3,3,2014-10-01
725,70,Patterns of Evidence: Exodus,6,2,2015-01-19
726,80,Redirected,1,4,2014-01-10
727,100,Face 2 Face,10,2,2016-02-10
728,139,The Adjustment Bureau,14,1,2011-03-04
729,70,The Pit,6,2,2009-10-22
730,141,Shrooms,4,1,2007-11-23
731,78,Never Back Down,1,2,2008-03-14
732,59,Knocked Up,4,1,2007-06-01
733,104,Kill Bill: Vol. 2,1,2,2004-04-16
734,103,Wanted,1,5,2008-06-27
735,93,Long Nights Short Mornings,7,3,2017-01-24
736,120,Couple of Days,7,4,2016-02-05
737,110,Bridge of Spies,7,2,2015-10-16
738,104,Street Kings,1,1,2008-04-11
739,58,The Little Mermaid,2,1,2018-08-17
740,77,Igor,3,1,2008-09-19
741,104,Living on One Dollar,6,5,2013-04-13
742,100,Secrets of the Tower of London,5,5,2014-05-15
743,149,Fantastic Mr. Fox,3,3,2009-11-25
744,125,Locked Down,1,4,2010-11-09
745,140,Tony Robbins: I Am Not Your Guru,6,5,2016-07-15
746,53,Your Highness,2,3,2011-04-08
747,148,Shrek the Third,3,2,2007-05-18
748,124,Captain America: Civil War,1,5,2016-05-06
749,99,Love and Mercy,7,1,2015-06-19
750,112,Rugrats in Paris: The Movie,3,1,2000-11-17
751,51,The Love Punch,4,1,2014-05-23
752,96,The Do-Over,1,1,2016-05-27
753,89,Ishqiya,4,2,2010-01-29
754,147,Sky Line,6,1,2015-11-20
755,100,3096 Days,5,1,2013-02-28
756,104,Guru,7,1,2007-01-12
757,119,Coin Heist,5,4,2017-01-06
758,146,The Photographer Of Mauthausen,7,1,2018-10-26
759,145,We Are Family,7,3,2010-09-10
760,120,Beach Rats,7,1,2018-01-25
761,128,Gothika,10,5,2003-11-21
762,79,The Breakfast Club,4,3,1985-02-15
763,113,Chicken Run,3,1,2000-06-23
764,79,Broken City,1,2,2013-01-18
765,85,Queen,2,5,2014-03-07
766,106,Momentum,1,1,2015-10-16
767,113,Synchronicity,7,4,2016-01-22
768,54,When a Stranger Calls,10,2,2006-02-03
769,100,Meet the Small Potatoes,8,5,2013-04-01
770,94,Harriet the Spy,4,2,1996-07-10
771,136,Love the Coopers,4,4,2015-11-13
772,137,Cartel Land,6,4,2015-07-03
773,102,Rio 2,3,3,2014-04-11
774,143,Raising Arizona,4,5,1987-04-17
775,72,Stargate,1,4,1994-10-28
776,110,Ant-Man,1,1,2015-07-17
777,67,The Blind Christ,7,1,2017-04-13
778,130,Arrival,7,2,2016-11-11
779,119,Sex Tape,4,5,2014-07-18
780,54,We're the Millers,4,5,2013-08-07
781,101,Fittest on Earth: A Decade of Fitness,6,5,2017-03-17
782,126,To the Bone,7,1,2017-07-14
783,123,Nativity!,4,2,2009-11-27
784,135,Jago: A Life Underwater,6,4,2017-05-25
785,54,Zombieland,2,4,2009-10-02
786,61,26 Years,7,3,2012-11-29
787,133,Jonas,7,1,2016-10-27
788,105,Cam,10,1,2018-11-16
789,68,Anatomy of a Love Seen,7,2,2014-07-18
790,110,London Heist,1,1,2017-07-17
791,74,Captain America: The Winter Soldier,1,5,2014-04-04
792,57,The Birth of Saké,6,1,2016-03-18
793,84,47 Ronin,1,3,2013-12-25
794,99,40 Days and 40 Nights,4,3,2002-03-01
795,92,Uncle Nick,4,1,2015-12-04
796,78,Step Outside,4,3,2018-02-15
797,109,Lolita,7,3,1998-09-25
798,92,Men in Black II,1,5,2002-07-03
799,94,Hisss,4,3,2010-10-22
800,148,Black Hawk Down,7,2,2002-01-18
801,99,Everly,1,5,2015-01-23
802,86,Identity,13,2,2003-04-25
803,147,The Twilight Saga: New Moon,2,1,2009-11-20
804,104,Seven,5,2,1995-09-22
805,83,Sex and the City 2,4,3,2010-05-27
806,61,Selfless,1,1,2015-07-10
807,111,The Watcher,10,3,2016-11-03
808,53,The Wandering Earth,1,1,2019-02-05
809,146,MI-5,1,3,2015-05-08
810,120,Everest,1,1,2015-09-25
811,57,Freddy vs. Jason,1,1,2003-08-15
812,95,Ugly Aur Pagli,4,1,2008-08-01
813,79,Daddy Day Care,4,1,2003-05-09
814,134,Robin Hood: Prince of Thieves,1,3,1991-06-14
815,59,Their Finest,4,5,2017-04-07
816,150,What Happens in Vegas,4,3,2008-05-09
817,134,Rishtey,1,2,2002-12-06
818,56,Polar,1,3,2019-01-25
819,147,Sidetracked,4,4,2015-01-30
820,54,Barbie: Happy Birthday to You!,1,1,NOT AVAILABLE
821,82,Shooter,1,3,2007-03-23
822,76,The Other Woman,4,3,2014-04-25
823,53,The Good Neighbor,5,5,2017-08-14
824,130,Dark Chocolate (Bengali Version),5,3,2016-09-02
825,70,Robin Hood,1,2,2010-05-14
826,81,Loving Annabelle,7,3,2007-05-24
827,67,The Bad Batch,7,1,2017-06-23
828,111,Hanna,1,5,2011-04-08
829,136,Blackfish,6,3,2013-07-26
830,65,Shock Wave,1,4,2017-05-05
831,123,The Wannabe,5,3,2015-12-04
832,78,The Rage: Carrie 2,10,1,1999-03-12
833,110,Special 26,5,1,2013-02-08
834,140,The Standoff,4,1,2016-09-20
835,83,The Pledge,5,3,2001-01-19
836,149,Spectre,1,4,2015-11-06
837,98,Drive,5,1,2011-09-16
838,72,Inside Man,5,5,2006-03-24
839,128,Resident Evil,1,1,2002-03-15
840,128,You Laugh But It's True,6,1,2013-12-13
841,146,Tell Spring Not to Come This Year,6,4,2015-11-13
842,142,What Happened to Monday,15,3,NOT AVAILABLE
843,65,Season of the Witch,1,4,2011-01-07
844,150,Hamza's Suitcase,4,4,2017-08-31
845,71,Hungerford,10,1,2018-04-15
846,90,Crimenes de Lujuria,17,1,2011-01-25
847,64,Anthropoid,1,1,2016-09-09
848,125,Whiskey Tango Foxtrot,4,1,2016-03-04
849,54,Kill the Messenger,5,1,2014-10-09
850,90,Ride Along,1,1,2014-01-17
851,124,The Awakening,10,1,2011-11-11
852,137,Chandani: The Daughter of the Elephant Whisperer,6,1,2010-11-04
853,99,Churchill,7,1,2017-06-02
854,101,Hunger,7,1,2008-10-31
855,142,Hot Fuzz,1,4,2007-04-20
856,76,The Domestics,1,3,2018-06-29
857,60,Megamind,3,3,2010-11-05
858,126,Girl in Progress,4,5,2012-08-10
859,139,13 Going on 30,4,5,2004-04-23
860,131,Manje Bistre,4,2,2017-04-14
861,82,How to Plan an Orgy in a Small Town,4,2,2016-05-13
862,64,The Wiggles: Dial E for Emma,8,2,2016-10-05
863,140,Sky Ladder: The Art of Cai Guo-Qiang,6,3,2016-10-14
864,149,Escape from Alcatraz,1,1,1979-06-22
865,89,Scary Movie 2,4,1,2001-07-04
866,138,Born to Raise Hell,1,2,2010-12-11
867,127,Be Somebody,4,1,2016-06-10
868,66,L!fe Happens,4,1,2012-04-13
869,123,It's Now or Never,4,2,2015-06-19
870,56,Pride,4,1,2014-09-12
871,95,The Witches,2,5,1990-08-24
872,119,The Seven Five,6,1,2015-05-08
873,105,The Man in the Iron Mask,1,2,1998-03-13
874,135,Pulp Fiction,5,5,1994-10-14
875,98,The Rundown,1,1,2003-09-26
876,59,The Search for Life in Space,6,1,2016-10-21
877,115,Are We Done Yet?,4,2,2007-04-04
878,133,Josie and the Pussycats,4,3,2001-04-11
879,94,The Pirates! In an Adventure with Scientists!,3,2,2012-04-27
880,52,Innocence,9,5,2016-01-11
881,104,The Beyond,7,2,2018-01-09
882,113,In Bruges,4,4,2008-02-29
883,64,Spread,4,4,2009-07-08
884,106,The Emoji Movie,3,4,2017-07-28
885,97,The Cured,7,1,2018-02-23
886,132,Rush: Beyond the Lighted Stage,6,1,2010-04-24
887,109,Taken 3,1,3,2015-01-09
888,141,Lift Me Up,8,2,2015-10-04
889,70,Satanic,10,5,2016-07-01
890,106,"Legally Blonde 2: Red, White & Blonde",4,1,2003-07-02
891,73,The Meyerowitz Stories (New and Selected),4,5,2017-10-13
892,144,The Ruthless,5,3,2019-04-08
893,117,1000 Rupee Note,7,3,2016-09-23
894,134,Jack Reacher: Never Go Back,1,3,2016-10-21
895,85,You're Everything To Me,18,3,NOT AVAILABLE
896,129,The Bodyguard,1,1,2016-04-01
897,119,White House Down,1,2,2013-06-28
898,150,Gangsta Granny,4,3,2013-12-26
899,112,Viral,7,3,2016-07-29
900,110,Bodyguards and Assassins,1,2,2009-12-18
901,106,I Know What You Did Last Summer,10,3,1997-10-17
902,144,Beats,7,2,2019-06-19
903,126,Like Water for Chocolate,7,2,1993-05-28
904,85,Ice Age: The Meltdown,3,2,2006-03-31
905,92,Balu Mahi,2,1,2017-02-10
906,82,Selma,7,1,2015-01-09
907,62,Under the Mountain,2,1,2009-12-10
908,86,Generation Iron 3,6,1,2018-12-07
909,108,Rock My Heart,7,4,2019-06-07
910,82,Mothers and Daughters,7,5,2016-05-06
911,147,Act of Valor,1,5,2012-02-24
912,110,"The Wiggles: Go, Santa, Go!",8,1,2014-10-14
913,123,Bruno,4,4,2009-07-10
914,129,The Forger,5,2,2015-04-24
915,136,Puss in Book: Trapped in an Epic Tale,3,4,2017-06-20
916,99,Nazi Concentration Camps,6,2,2017-04-22
917,94,Alone in Berlin,7,2,2017-01-13
918,54,Franca: Chaos and Creation,6,1,2017-09-23
919,114,Hondros,6,1,2017-04-21
920,92,Expelled,4,1,2014-12-16
921,74,Rob the Mob,5,1,2014-04-17
922,113,The Detained,17,1,2017-09-01
923,78,Boys in the Trees,7,2,2017-10-01
924,96,Now You See Me,5,2,2013-05-31
925,84,Patch Adams,4,1,1998-12-25
926,94,Bana Masal Anlatma,4,4,2015-01-09
927,86,Ab Tak Chhappan 2,1,1,2015-02-27
928,127,Sometimes,7,5,2018-04-30
929,140,Inside: Medical Marijuana,6,4,NOT AVAILABLE
930,86,Toc Toc,4,5,2017-10-06
931,122,Panic Room,5,1,2002-03-29
932,52,The Final Master,1,3,2015-12-11
933,117,Veronica,16,4,NOT AVAILABLE
934,75,The Tuxedo,1,5,2002-09-27
935,61,The Signal,7,2,2014-07-10
936,81,Mindhunters,5,3,2005-05-13
937,143,The Boss,4,2,2016-04-08
938,103,Teenage Cocktail,7,4,2017-01-15
939,113,Hang 'Em High,7,3,1968-07-31
940,122,The Boy in the Striped Pajamas,7,3,2008-11-26
941,148,Below Her Mouth,7,4,2017-04-28
942,81,Alvin and the Chipmunks: Chipwrecked,3,3,2011-12-16
943,139,Christine,7,1,2016-10-14
944,111,Prague,13,5,2013-09-27
945,133,Tarzan,3,3,2014-02-20
946,142,Demon Inside,10,3,2013-11-01
947,113,The Prince and Me,4,3,2004-04-02
948,108,Storks,3,2,2016-09-23
949,53,Jingle All the Way,2,4,1996-11-22
950,62,The Expendables 2,1,2,2012-08-17
951,88,Erased,1,5,2012-09-26
952,79,Fairy Tail: Dragon Cry,3,2,2017-08-14
953,102,The Rise,5,2,2013-07-26
954,139,The Secret Life of Pets,3,3,2016-07-08
955,82,Staten Island Summer,4,4,2015-06-30
956,90,Carrie,7,4,2002-11-04
957,135,Close,1,3,2019-01-18
958,125,The Black Panthers: Vanguard of the Revolution,6,2,2015-10-23
959,98,Bibi & Tina: Tohuwabohu Total,2,3,2017-02-23
960,111,Gurgaon,5,1,2017-08-04
961,121,Someone Great,4,5,2019-04-19
962,118,Resident Evil: The Final Chapter,1,2,2017-01-27
963,95,Steve Jobs: Billion Dollar Hippy,6,1,2011-12-14
964,105,The Odessa File,7,2,1974-10-18
965,146,Mama,10,3,2013-01-18
966,121,American Pie Presents: Band Camp,4,5,2005-12-26
967,93,Guardians of the Galaxy,1,2,2014-08-01
968,96,Between the Folds,6,5,2008-05-31
969,140,Gotti,5,1,2018-06-14
970,109,Baaghi,1,5,2016-04-29
971,85,Husband Factor,4,1,2015-03-20
972,90,Charlie and the Chocolate Factory,2,5,2005-07-15
973,83,Misconduct,5,4,2016-02-05
974,80,My Perfect Romance,14,5,2018-05-06
975,66,The Heir Apparent: Largo Winch,1,3,2008-12-17
976,143,Gnomeo and Juliet,3,5,2011-02-11
977,75,The Fault in Our Stars,7,5,2014-06-06
978,91,B.A. Pass,5,5,2013-08-02
979,66,The Girl from the Song,7,2,2017-11-29
980,146,Okja,8,2,NOT AVAILABLE
981,119,Friends with Benefits,4,3,2011-07-22
982,148,LuTo,7,3,2013-11-14
983,139,The Lodgers,7,5,2018-02-23
984,74,Stolen,1,4,2012-09-06
985,75,Taken Heart,1,1,2017-01-24
986,78,Brad's Status,4,2,2017-09-15
987,145,Mandela: Long Walk to Freedom,7,1,2013-12-25
988,112,The Dinner,5,2,2017-05-18
989,86,JFK: The Making of a President,6,1,2017-06-01
990,143,13 Reasons Why: Beyond the Reasons,10,3,NOT AVAILABLE
991,126,Little Italy,4,1,2018-09-21
992,148,The Next Three Days,1,2,2010-11-19
993,118,Real Crime: Supermarket Heist (Tesco Bomber),6,2,2009-08-06
994,127,2012,1,2,2009-11-13
995,87,Almost Adults,4,1,2017-02-07
996,63,The Magic Roundabout,3,3,2006-02-24
997,75,Trumbo,7,1,2015-11-27
998,88,Little Man,4,1,2006-07-14
999,80,XXx,1,4,2002-08-09
1000,97,Maniac,10,3,2013-01-02
1001,73,XOXO,7,4,2016-08-26
1002,89,Get Hard,4,3,2015-03-27
1003,52,The Hangover,4,4,2009-06-05
1004,141,The Bye Bye Man,7,1,2017-01-13
1005,119,Hate Story,7,2,2012-04-20
1006,67,Monster High 13 Wishes,3,2,2013-10-08
1007,86,Dear White People,4,3,2014-12-04
1008,56,1 Mile to You,7,3,2017-04-07
1009,57,The First Great Train Robbery,2,1,1979-02-02
1010,121,Bob's Broken Sleigh,3,2,2015-12-01
1011,88,The Fast and the Furious: Tokyo Drift,1,5,2006-06-16
1012,140,Why Knot,6,3,NOT AVAILABLE
1013,67,The Ritual,10,4,2018-02-09
1014,132,Love Steaks,4,1,2014-03-27
1015,147,I Am Mother,7,1,2019-06-07
1016,113,"As Above, So Below",10,1,2014-08-29
1017,64,Brighton Rock,5,4,2011-02-04
1018,52,Piku,4,3,2015-05-08
1019,124,Home Alone,4,5,1990-11-16
1020,87,Star Wars: The Force Awakens,1,3,2015-12-18
1021,111,The Great Beauty,7,5,2014-03-14
1022,112,Sausage Party,3,3,2016-08-12
1023,107,Slow TV: Train Ride Bergen to Oslo,16,5,NOT AVAILABLE
1024,94,"The Taking of Pelham 1, 2, 3",4,1,NOT AVAILABLE
1025,74,Death Note,15,4,NOT AVAILABLE
1026,57,Pretty Baby,7,2,1978-04-05
1027,83,Rocky Handsome,1,1,2016-03-25
1028,112,Katy Perry: Part of Me,6,2,2012-07-05
1029,65,Last Action Hero,1,4,1993-06-18
1030,59,Stalingrad,1,2,2013-10-10
1031,102,Wolf Warrior,1,1,2015-04-06
1032,113,Legend of the Fist: The Return of Chen Zhen,1,2,2010-09-21
1033,60,My Girl,4,1,1991-11-27
1034,124,Mr. Deeds,4,2,2002-06-28
1035,131,Rush Hour 2,1,3,2001-08-03
1036,138,Animas,10,1,2019-01-25
1037,57,Beyond Skyline,1,3,2017-12-15
1038,70,You Can Tutu,8,3,2017-07-31
1039,70,The Ouija Experiment,10,1,2014-05-02
1040,123,The Dudesons Movie,6,2,2006-03-31
1041,89,Side Effects,5,2,2013-02-08
1042,61,Supremacy,7,1,2014-06-12
1043,82,The Polarman,2,5,NOT AVAILABLE
1044,66,People You May Know,4,2,2017-02-28
1045,122,The Butterfly Effect,7,2,2004-01-23
1046,148,Kiss & Cry,7,1,2017-08-31
1047,104,I Am the Pretty Thing That Lives in the House,7,3,2016-10-28
1048,128,Two Night Stand,4,5,2014-09-26
1049,127,Australia's Hardest Prison: Lockdown Oz,15,3,NOT AVAILABLE
1050,130,I Origins,7,2,2014-09-19
1051,79,Carlos,5,1,2010-10-11
1052,150,A Tale of Legendary Libido,4,5,2008-04-30
1053,117,Men in Black,1,1,1997-07-02
1054,99,Would You Rather,10,5,2019-06-06
1055,108,Miss Lovely,5,3,2014-06-20
1056,107,Awaken the Shadowman,10,2,2017-07-21
1057,89,Once Again,7,2,2018-09-01
1058,126,Monsters vs. Aliens,3,5,2009-03-27
1059,105,The Dirty Picture,7,1,2011-12-02
1060,90,Bareilly Ki Barfi,4,5,2017-08-18
1061,123,Armed Response,1,1,2017-08-09
1062,130,Bulletproof Gangster,8,3,NOT AVAILABLE
1063,58,Mirage,7,3,2019-03-22
1064,129,Creep,10,2,2015-06-23
1065,145,The Family,4,5,2013-09-13
1066,63,Pacific Rim,1,2,2013-07-12
1067,148,Cash Only,5,3,2016-05-13
1068,77,Bring It On: Fight to the Finish,4,3,2009-09-01
1069,131,Stargate: The Ark of Truth,1,2,2008-03-11
1070,78,Hulk,1,1,2003-06-20
1071,84,Goosebumps,2,4,2015-10-16
1072,135,Paradox,1,5,2016-04-15
1073,61,Pleasure or Pain,7,4,2013-09-05
1074,71,Bratz: The Movie,4,4,2007-08-03
1075,81,The Intent 2: The Come Up,5,2,2018-09-21
1076,73,Free Birds,3,1,2013-11-01
1077,121,Palm Trees in the Snow,7,4,2015-12-25
1078,60,Darkweb,1,4,2016-03-08
1079,71,These Final Hours,13,1,NOT AVAILABLE
1080,51,ReMastered: Massacre at the Stadium,17,3,NOT AVAILABLE
1081,103,A Million Ways to Die in the West,4,3,2014-05-30
1082,108,Pandorum,1,1,2009-09-25
1083,139,Discovering Bigfoot,6,3,2017-12-15
1084,127,A Dangerous Man,1,5,2010-02-09
1085,111,The Man in the Wall,7,5,2018-02-01
1086,88,Sleuth,5,2,2007-11-23
1087,55,One Night Stand,7,1,2016-05-06
1088,80,Cockneys vs Zombies,1,3,2013-08-02
1089,87,Bruno and Boots: The Wizzle War,8,4,2017-04-01
1090,141,Vampire Dog,4,4,2012-11-23
1091,87,The Barkley Marathons: The Race That Eats Its Young,6,2,2016-10-01
1092,140,Confessions of a Shopaholic,4,4,2009-02-13
1093,109,Band of Robbers,2,5,2016-04-15
1094,60,Anger Management,4,2,2003-04-11
1095,138,Sky Captain and the World of Tomorrow,1,5,2004-09-17
1096,80,Aashik Awara,18,4,NOT AVAILABLE
1097,84,X2: X-Men United,1,5,2003-05-02
1098,131,Sharknado 2: The Second One,1,5,2014-07-30
1099,126,Jimi Hendrix: Voodoo Child,6,1,2010-09-18
1100,135,Raman Raghav 2.0,5,3,2016-06-24
1101,76,Brain on Fire,7,1,2018-06-22
1102,105,Best Evidence: Top 10 UFO Sightings,6,4,NOT AVAILABLE
1103,65,Tricked,6,1,2013-12-13
1104,120,The Mummy,1,3,1999-05-07
1105,79,Force 10 from Navarone,1,3,1978-12-08
1106,133,Hook,2,4,1991-12-11
1107,70,Reasonable Doubt,5,1,2014-01-17
1108,85,He's Out There,10,3,2018-10-25
1109,69,American Psycho,4,1,2000-04-14
1110,60,Malevolent,10,2,2018-10-05
1111,58,Arms and the Dudes,4,2,2016-08-19
1112,72,Cocaine Cowboys 2,6,2,2008-07-29
1113,90,Hop,3,5,2011-04-01
1114,127,Paul Blart: Mall Cop,1,1,2009-01-16
1115,146,Music Teacher,7,3,2019-04-19
1116,123,2 Guns,1,2,2013-08-02
1117,87,Lethal Seduction,17,4,2015-07-11
1118,107,Birdman or (The Unexpected Virtue of...,4,3,2014-11-14
1119,66,The Danish Girl,7,1,2016-01-22
1120,110,The Lifeguard,7,3,2013-07-30
1121,139,The Outsider,1,1,2018-03-09
1122,89,The Manchurian Candidate,7,2,2004-07-30
1123,140,Accepted,4,2,2006-08-18
1124,102,Take Down,1,2,2016-08-19
1125,85,Once Upon a Time in Venice,1,5,2017-06-16
1126,115,I Am Michael,7,1,2017-01-27
1127,120,Hostel: Part II,10,3,2007-06-08
1128,114,The Silenced,10,2,2015-06-18
1129,107,Burlesque: Heart of the Glitter Tribe,6,2,2017-03-03
1130,61,Universal Soldier: Regeneration,1,3,2010-01-01
1131,127,Kaho Naa... Pyaar Hai,1,1,2000-01-14
1132,56,The Most Unknown,6,2,2018-08-09
1133,106,Red 2,1,3,2013-07-19
1134,145,All Eyez on Me,7,1,2017-06-16
1135,92,The Girl with the Dragon Tattoo,5,2,2011-12-21
1136,128,Chandni Bar,5,5,2001-09-28
1137,83,Tiger,7,1,2016-08-25
1138,54,Bel Ami,5,2,2012-03-09
1139,62,Soul Plane,4,3,2004-05-28
1140,80,Black Water,1,4,2018-05-25
1141,137,The Mechanic,1,3,2011-01-28
1142,124,The Benchwarmers,4,3,2006-04-07
1143,126,The Voices,4,4,2015-02-06
1144,53,My Little Pony Crystal Princess: The Runaway Rainbow,3,3,2007-03-28
1145,148,Blackball,4,1,2003-09-05
1146,137,The Impossible,7,2,2013-01-04
1147,85,Gods of Egypt,1,5,2016-02-26
1148,124,Brawl in Cell Block 99,1,4,2017-10-06
1149,56,Trespass Against Us,1,1,2016-11-24
1150,148,Cracking the Da Vinci Code,6,2,2004-05-01
1151,147,The Forest,10,2,2016-01-08
1152,73,Elena Undone,7,4,2010-06-25
1153,111,Passengers,7,3,2008-09-26
1154,117,The Institute,17,1,2017-03-03
1155,134,Dude,4,2,2018-04-20
1156,107,The Wild Thornberrys Movie,3,4,2002-12-20
1157,86,The Lorax,3,1,2012-03-02
1158,74,Ittefaq,13,1,2017-11-03
1159,125,Conan the Barbarian,1,1,2011-08-19
1160,106,The Thomas Crown Affair,5,1,1999-08-06
1161,132,Scooby-Doo,2,2,2002-06-14
1162,113,Den 12. mann,10,2,NOT AVAILABLE
1163,62,Holidays,9,5,2016-04-15
1164,111,Superbad,4,1,2007-08-17
1165,95,A Hundred Streets,19,3,NOT AVAILABLE
1166,103,Last Holiday,4,1,2006-01-13
1167,93,Murder Mystery,1,1,2019-06-14
1168,92,Day of the Dead: Bloodline,1,1,2018-01-05
1169,136,Casting JonBenet,6,5,2017-04-28
1170,64,The Late Bloomer,4,3,2016-10-07
1171,71,The Lord of the Rings: The Fellowship of the Ring,1,2,2001-12-19
1172,93,Hadi Ä°nåŸallah,4,2,2014-11-28
1173,103,Sherlock Gnomes,3,2,2018-03-23
1174,139,Circle,7,2,2015-10-16
1175,114,Thi Mai,4,3,2018-01-12
1176,87,It's Complicated,4,2,2009-12-25
1177,135,Step Sisters,4,2,2018-01-19
1178,102,Michael Clayton,5,5,2007-10-12
1179,148,Contract Killers,1,2,2014-03-11
1180,121,Spy Kids 3: Game Over,1,5,2003-07-25
1181,55,Friends with Money,4,3,2006-04-21
1182,109,Not Another Teen Movie,4,2,2001-12-14
1183,62,Saheb Bibi Golaam,1,2,NOT AVAILABLE
1184,91,Free Rein: Valentine's Day,11,1,2019-02-01
1185,83,P,10,3,2006-02-03
1186,92,The Funhouse Massacre,4,4,2015-11-13
1187,65,Here Alone,7,5,2017-05-18
1188,149,A Girl Like Her,7,4,2015-03-27
1189,102,Beltracchi: The Art of Forgery,6,1,2014-03-06
1190,116,Hitch,4,1,2005-02-11
1191,51,Happy,6,2,2013-07-03
1192,135,Jack and Jill,4,1,2011-11-11
1193,120,Casper,4,4,1995-05-26
1194,110,Spy Kids 2: The Island of Lost Dreams,1,4,2002-08-07
1195,103,Hunting the Lost Symbol,6,2,2009-10-18
1196,57,Jack Ryan: Shadow Recruit,1,3,2014-01-17
1197,75,Flimflam,4,3,2016-09-11
1198,117,The Discovery,7,3,2017-03-31
1199,97,Pray for Rain,7,5,2017-06-16
1200,130,Super Monsters and the Wish Star,3,2,2018-12-07
1201,147,White Coffin,1,1,2016-12-01
1202,114,Best Neighbors,11,2,NOT AVAILABLE
1203,131,I Am Happiness On Earth,7,2,2014-10-23
1204,107,21 & Over,4,5,2013-03-01
1205,148,"Baby, Baby, Baby",4,5,2015-10-30
1206,57,Rajma Chawal,4,1,2018-11-30
1207,77,Safe House,1,4,2012-02-10
1208,85,The Department,14,5,2015-01-30
1209,121,Boyz n the Hood,5,2,1991-07-12
1210,67,Filth,4,2,2014-04-24
1211,87,Imagine That,4,4,2009-06-12
1212,107,The Descent,2,3,2006-08-04
1213,140,Cross Wars,1,4,2017-02-07
1214,113,Zack and Miri Make a Porno,4,4,2008-10-31
1215,66,The Endless,7,5,2018-04-06
1216,54,XX,10,2,2017-02-17
1217,131,Safe Haven,7,3,2013-02-14
1218,128,Unfinished Business,4,5,2015-03-06
1219,81,Next Gen,3,5,2018-09-07
1220,141,Deadly Impact,1,4,2010-04-20
1221,71,Pirates of the Caribbean: Dead Men Tell No Tales,1,3,2017-05-26
1222,90,Path,1,4,2015-10-12
1223,121,Mater,7,3,2017-10-12
1224,52,Sex Ed,4,2,2014-11-07
1225,121,All Hallows' Eve,8,4,2016-09-27
1226,103,RoboCop,1,4,1987-07-17
1227,62,Chasing Amy,4,3,1997-04-18
1228,79,Newness,7,2,2017-11-03
1229,65,Kill Command,1,3,2016-11-25
1230,110,Bruno and Boots: This Can't Be Happening at Macdonald Hall,8,4,2017-04-01
1231,66,Good Luck Chuck,4,1,2007-09-21
1232,133,Who the F**k Is That Guy?,6,3,2017-07-21
1233,70,Seven Years in Tibet,2,1,1997-10-10
1234,114,Death Note,1,3,2017-08-25
1235,142,The Big Wedding,4,5,2013-04-26
1236,88,Back and Forth,4,5,2016-07-21
1237,116,Parmanu: The Story of Pokhran,1,2,2018-05-25
1238,141,Ultraviolet,1,3,2006-03-03
1239,85,Johnny English,1,5,2003-07-18
1240,104,Alpha and Omega,3,2,2010-09-17
1241,112,Pitch Perfect,4,3,2012-10-05
1242,111,Run All Night,1,2,2015-03-13
1243,82,What's Your Number?,4,5,2011-09-30
1244,109,Snowden,7,1,2016-09-16
1245,121,The Babadook,7,3,2014-11-28
1246,69,Anastasia,3,2,1997-11-21
1247,100,The Adventure Club,2,4,2017-02-10
1248,75,My Best Friend's Girl,4,5,2008-09-19
1249,127,Bless the Child,5,3,2000-08-11
1250,116,Radio Rebel,4,3,2012-02-17
1251,146,The Doll 2,10,4,2017-07-20
1252,68,Date Movie,4,2,2006-02-17
1253,59,Conspiracy Theory: Did We Land on the Moon?,6,2,2001-02-15
1254,86,Pad Man,4,3,2018-02-09
1255,149,Wallace & Gromit: The Curse of the Were-Rabbit,3,3,2005-10-07
1256,104,"Jeff, Who Lives at Home",4,3,2012-05-11
1257,94,The Open House,10,4,2018-01-19
1258,115,Just Go with It,4,5,2011-02-11
1259,85,Contagion,1,3,2011-09-09
1260,51,Your Son,7,2,2018-11-09
1261,87,Terminator Genisys,1,1,2015-07-01
1262,143,The Holiday Calendar,7,1,2018-11-02
1263,89,Doom,1,2,2005-10-21
1264,126,Seeking a Friend for the End of the World,2,3,2012-06-22
1265,125,This Is the End,4,5,2013-06-12
1266,135,The Passion of the Christ,7,3,2004-02-25
1267,113,Ender's Game,1,2,2013-11-01
1268,70,The Amazing Spider-Man,1,4,2012-07-03
1269,108,The Kissing Booth,12,5,NOT AVAILABLE
1270,119,Hall Pass,4,2,2011-02-25
1271,112,Footloose,4,5,2011-10-14
1272,95,Miss Meadows,4,4,2014-11-14
1273,93,Sixteen Candles,4,5,1984-05-04
1274,121,Wild Orchid 2,4,5,NOT AVAILABLE
1275,148,Dracula Untold,1,5,2014-10-10
1276,120,Howard the Duck,1,5,1986-08-01
1277,99,Agora,2,1,2009-10-09
1278,109,Blue Lagoon: The Awakening,7,2,2012-06-16
1279,92,The Scarlet Letter,7,5,2004-10-28
1280,75,The Haunting of Sharon Tate,7,2,2019-04-05
1281,140,Haraamkhor,7,3,2017-01-13
1282,81,The Cloverfield Paradox,1,4,2018-02-04
1283,124,Return to Me,4,4,2000-04-07
1284,100,Chasing Coral,2,4,NOT AVAILABLE
1285,80,Monsters,2,2,2010-12-03
1286,150,Bad Moms,5,1,NOT AVAILABLE
1287,103,"Trailer Park Boys: Drunk, High and Unemployed: Live in Austin",4,4,2015-12-09
1288,56,Pay the Ghost,7,2,2015-09-25
1289,91,The Perfect Man,4,2,2005-06-17
1290,146,The Miracle Season,7,4,2018-04-06
1291,111,Bride Wars,4,5,2009-01-09
1292,141,Princess Cyd,7,4,2017-11-03
1293,99,Unacknowledged,6,3,2017-05-09
1294,100,The Fundamentals of Caring,4,2,2016-06-24
1295,135,Beat Bugs: All Together Now,3,1,2017-11-21
1296,134,Death Wish II,1,2,1982-02-19
1297,70,Among the Believers,6,1,2015-12-11
1298,114,Vengeance: A Love Story,1,1,2017-09-15
1299,55,Hotel Transylvania 2,3,2,2015-09-25
1300,67,Black Knight,2,4,2001-11-21
1301,115,Bad Day for the Cut,1,4,2017-10-20
1302,126,The Spy Who Dumped Me,1,4,2018-08-03
1303,93,Crimson Peak,7,3,2015-10-16
1304,63,"Crouching Tiger, Hidden Dragon: Sword of Destiny",1,2,2016-02-26
1305,107,Long Shot,17,4,NOT AVAILABLE
1306,63,Horror Story,10,4,2014-05-02
1307,118,The Favor,4,5,1994-04-29
1308,109,Notes on Blindness,6,5,2016-07-01
1309,52,Message from the King,1,2,2017-08-04
1310,143,The Tribe,4,1,2018-03-16
1311,69,Saw: The Final Chapter,10,5,2010-10-29
1312,103,Take Your Pills,6,2,2018-03-16
1313,134,The Ouija Experiment 2: Theatre of Death,10,2,2017-01-13
1314,70,Every Second Counts: The Story of the 2008 CrossFit Games,6,1,NOT AVAILABLE
1315,60,The SpongeBob Movie: Sponge Out of Water,3,3,2015-02-06
1316,111,Tramps,4,4,2017-04-21
1317,84,Septembers of Shiraz,17,1,2016-06-24
1318,94,The Devil's Mistress,7,1,2016-01-21
1319,130,Pink,7,1,2016-09-16
1320,139,Paranormal Activity 5,6,5,NOT AVAILABLE
1321,101,The Darkest Dawn,1,3,2018-04-15
1322,134,Mudbound,7,2,2017-11-17
1323,61,Thor: The Dark World,1,3,2013-11-08
1324,93,Command and Control,6,2,2016-04-17
1325,137,Sarkar,5,5,2005-07-01
1326,119,The Last Laugh,4,4,2019-01-11
1327,99,My Little Pony Equestria Girls: Legend of Everfree,3,5,2016-10-01
1328,91,The Whistleblower,5,1,2011-10-27
1329,131,Bowie: The Man Who Changed the World,6,1,2016-05-09
1330,142,The Rezort,10,5,2020-05-29
1331,148,Miss Stevens,4,2,2016-09-20
1332,113,The Propaganda Game,6,4,2015-10-30
1333,120,Bombairiya,4,4,2019-01-18
1334,55,Dharam Sankat Mein,4,4,2015-04-10
1335,130,Saw VI,10,1,2009-10-23
1336,59,Manorama Six Feet Under,5,4,2007-09-21
1337,81,Street,1,2,2015-10-30
1338,131,baryflie,4,3,1987-10-16
1339,138,Big Fish,2,3,2004-01-09
1340,87,The Twilight Saga: Eclipse,2,5,2010-06-30
1341,80,Cinderella,7,1,2015-03-13
1342,146,3 Ninjas Kick Back,1,5,1994-05-06
1343,62,The Big Short,4,1,2015-12-23
1344,106,A 2nd Chance,7,2,2015-09-01
1345,63,Rescue Dawn,1,1,2007-07-27
1346,148,1922,5,5,2017-10-20
1347,132,22 Bullets,1,2,2010-03-24
1348,141,Hannibal,5,2,2001-02-09
1349,63,Windtalkers,1,3,2002-06-14
1350,107,Chain Reaction,1,1,1996-08-02
1351,72,Blackhat,1,4,2015-01-16
1352,139,Hickok,19,4,2017-07-07
1353,89,G.O.R.A,2,3,2004-11-12
1354,54,The Visit,19,5,NOT AVAILABLE
1355,56,Gridlocked,1,2,2016-06-14
1356,92,Don't Wake Mommy,7,3,2016-01-03
1357,58,Leap Year,4,3,2010-01-08
1358,88,Monster Island,3,2,2017-09-14
1359,96,Into the Wild,2,1,2007-10-19
1360,98,Brooklyn's Finest,1,2,2010-03-05
1361,106,Barbie of Swan Lake,3,1,2003-09-30
1362,69,Sex: My British Job,6,3,2013-09-23
1363,82,Ip Man 2,1,1,2010-04-29
1364,118,Tallulah,4,5,2016-07-29
1365,103,Jeepers Creepers 3,1,3,2017-11-02
1366,123,Teenage Mutant Ninja Turtles,1,2,2014-08-08
1367,138,Savages,5,5,2012-07-06
1368,74,Romantik Komedi 2: Bekarlığa Veda,4,4,2013-02-14
1369,72,Loco Love,7,3,2017-03-24
1370,73,Scary Movie 5,4,1,2013-04-12
1371,61,True Story,5,1,2015-04-17
1372,129,Awol-72,1,4,2015-09-25
1373,99,The Choice,7,4,2016-02-05
1374,130,The Night Before,4,2,2015-11-20
1375,138,Attack the Block,1,2,2011-05-13
1376,81,The Presence,10,2,2015-03-12
1377,114,Devil,10,2,2010-09-17
1378,125,The Purge: Election Year,1,3,2016-07-01
1379,69,Flushed Away,3,5,2006-11-03
1380,80,My Babysitter's a Vampire: The Movie,2,3,2011-06-10
1381,110,Captive for 18 Years: The Jaycee Lee Story,4,1,NOT AVAILABLE
1382,132,A Perfect Day,17,2,NOT AVAILABLE
1383,83,Brotherly Love,7,2,2015-04-24
1384,109,The Land of Steady Habits,4,1,2018-09-14
1385,83,The Captive,5,4,2014-12-12
1386,136,Sinbad: Legend of the Seven Seas,3,3,2003-07-02
1387,52,The Red Thread,7,4,2016-05-19
1388,110,I Spit on Your Grave,10,3,2011-01-20
1389,87,Hector,7,1,2015-12-11
1390,137,The Weekend,4,1,2016-12-02
1391,120,Lego Elves,3,1,2015-03-08
1392,71,Spanglish,4,2,2004-12-17
1393,60,Kill Switch,1,2,2017-06-16
1394,107,Grown Ups,4,1,2010-06-25
1395,95,Angela's Christmas,3,2,2018-11-30
1396,126,Resident Evil: Apocalypse,1,2,2004-09-10
1397,89,Think Like a Man Too,4,2,2014-06-20
1398,132,The Forbidden Kingdom,1,2,2008-04-18
1399,105,Air Bud: Golden Receiver,4,5,1998-08-14
1400,139,Iron Man,1,1,2008-05-02
1401,83,Asterix the Gaul,10,4,NOT AVAILABLE
1402,109,10 Years,4,1,2012-10-05
1403,89,War on Everyone,1,4,2017-02-03
1404,76,The Divergent Series: Allegiant,1,5,2016-03-18
1405,100,"Margarita, with a Straw",7,4,2016-06-14
1406,112,The Edge of Seventeen,4,1,2016-11-18
1407,64,Kung Fu Panda: Secrets of the Scroll,3,5,2016-01-05
1408,81,Valley Uprising,6,2,2014-09-01
1409,99,Horrid Henry: The Movie,2,1,2013-01-11
1410,124,Monsters University,3,4,2013-06-21
1411,96,Are We There Yet?,2,1,2005-01-21
1412,124,Rooney: The Man Behind The Goals,6,4,2015-10-05
1413,88,The Player,4,2,2012-06-06
1414,140,Scott Pilgrim vs. the World,1,1,2010-08-13
1415,88,Small Crimes,5,4,2017-04-28
1416,53,The Girl on the Train,5,5,2016-10-07
1417,135,Hellboy,1,2,2004-04-02
1418,101,Equilibrium,1,1,2002-12-06
1419,86,The Other Guys,1,2,2010-08-06
1420,52,Ace Ventura: Pet Detective,4,5,1994-02-04
1421,123,My Name Is Lenny,7,1,2017-06-09
1422,138,Dear John,7,3,2010-02-05
1423,150,Wild,7,1,2014-12-19
1424,146,Paan Singh Tomar,1,1,2012-03-02
1425,57,F the Prom,4,2,2017-12-05
1426,128,Killers,1,4,2010-06-04
1427,146,Much Loved,7,1,2015-09-16
1428,114,Dovlatov,7,1,2018-10-26
1429,87,Life as We Know It,4,4,2010-10-08
1430,150,Kick-Ass,1,5,2010-04-16
1431,80,In the Shadow of Iris,7,3,2016-11-16
1432,128,Spider-Man: Homecoming,1,5,2017-07-07
1433,96,Big Daddy,4,3,1999-06-25
1434,79,The Babysitter,4,5,2017-10-13
1435,132,Consumed,7,4,2016-04-01
1436,75,Ghostbusters,1,2,2016-07-15
1437,130,Waiting,7,2,2016-05-27
1438,83,The D Train,4,3,2015-05-08
1439,137,Ms. Mammy,4,5,2012-10-25
1440,147,Maze Runner: The Scorch Trials,1,5,2015-09-18
1441,143,Russia's Toughest Prisons,6,5,2011-06-18
1442,149,Deck the Halls,4,4,2006-11-22
1443,135,When Worlds Collide,1,2,1951-11-15
1444,138,Fiza,1,5,2000-09-08
1445,68,Tanu Weds Manu,4,2,2011-02-25
1446,131,Wish Upon,7,3,2017-07-14
1447,63,Before I Wake,3,3,NOT AVAILABLE
1448,131,Before We Go,4,3,2015-07-21
1449,133,Await Further Instructions,10,5,2018-10-05
1450,56,Fast & Furious,1,2,2009-04-03
1451,90,Fantastic Four,1,3,2015-08-07
1452,107,Pineapple Express,1,3,2008-08-06
1453,55,Froning: The Fittest Man in History,6,4,2015-10-02
1454,125,The SpongeBob SquarePants Movie,3,5,2004-11-19
1455,97,13 Hours: The Secret Soldiers of Benghazi,1,2,2016-01-15
1456,144,You Will Love Me,10,3,2013-08-31
1457,67,Bleeding Steel,1,4,2017-12-22
1458,62,Limitless,15,2,2011-03-18
1459,88,Johnny English Reborn,1,4,2011-10-21
1460,92,The Secret,10,3,2018-04-26
1461,146,Thank You,4,1,2011-04-08
1462,104,Liar Liar,4,5,1997-03-21
1463,73,King Cobra,4,2,2016-10-21
1464,76,Unlocked,9,4,NOT AVAILABLE
1465,67,The Chosen,7,2,NOT AVAILABLE
1466,120,Exit Afghanistan,6,5,2013-10-17
1467,97,Backfire,5,3,2019-03-01
1468,118,The Incredible Hulk,1,1,2008-06-13
1469,115,S.W.A.T.,1,2,2003-08-08
1470,85,Sound City,6,2,2013-02-18
1471,72,Green Zone,1,3,2010-03-12
1472,83,Secrets of Westminster,6,2,NOT AVAILABLE
1473,112,Jodhaa Akbar,1,2,2008-02-15
1474,88,30 Days of Night,1,4,2007-10-19
1475,146,Girlfriend's Day,4,5,2017-02-14
1476,94,Despicable Me 3,3,5,2017-06-30
1477,65,Nick and Norah's Infinite Playlist,4,2,2008-10-03
1478,110,Middle School: The Worst Years of My Life,4,5,2016-10-07
1479,60,Company,1,2,2002-04-15
1480,69,The Box,7,2,2009-11-06
1481,147,Phobia 2,4,4,2009-09-24
1482,79,Clinical,6,2,NOT AVAILABLE
1483,137,Risen,1,2,2016-02-19
1484,143,Valerian and the City of a Thousand Planets,1,1,2017-07-21
1485,137,This Is 40,4,1,2012-12-21
1486,101,Let Me In,7,2,2010-10-01
1487,122,Welcome Mr. President,4,1,2013-03-21
1488,97,The Iron Lady,7,1,2012-01-13
1489,62,Role Models,4,3,2008-11-07
1490,101,Jefe,4,1,2018-07-06
1491,52,On My Skin,7,1,2018-12-07
1492,84,Loving is Losing,4,1,2019-01-03
1493,119,Furlough,4,2,2018-03-16
1494,66,Sharknado,1,5,2013-07-11
1495,109,Ip Man 3,1,1,2015-12-24
1496,98,Bean: The Ultimate Disaster Movie,4,3,1997-11-07
1497,137,The Art of the Steal,4,1,2014-06-20
1498,146,Snowpiercer,1,1,2014-07-11
1499,137,The Fear of 13,6,4,2015-11-15
1500,84,Wine Country,4,3,2019-05-10
1501,125,Jurassic Park,1,4,1993-06-11
1502,99,American Heist,1,5,2015-07-24
1503,132,John Q,5,3,2002-02-15
1504,98,Law Abiding Citizen,1,5,2009-10-16
1505,64,The Men Who Stare at Goats,4,3,2009-11-06
1506,137,Given,6,5,2016-11-12
1507,80,The Maze Runner,1,2,2014-09-19
1508,111,Cloud Atlas,1,1,2012-10-26
1509,54,Secret Superstar,7,1,2017-10-18
1510,130,Delhi in a Day,4,5,2012-08-24
1511,122,Velvet Buzzsaw,10,4,2019-02-01
1512,92,The African Doctor,4,1,2016-06-08
1513,129,Slam,4,4,2017-03-23
1514,79,Jab Harry Met Sejal,4,3,2017-08-04
1515,133,Iron Man 3,1,4,2013-05-03
1516,59,Don't blame the kid,4,4,2016-05-13
1517,132,Fiore,7,5,2016-05-25
1518,110,Perfect Stranger,5,1,2007-04-13
1519,140,Akeelah and the Bee,7,4,2006-04-28
1520,89,Abducted in Plain Sight,6,4,2019-01-15
1521,134,Lang Tong,17,5,2015-03-08
1522,103,Blue Streak,1,1,1999-09-17
1523,65,Here Comes the Boom,1,2,2012-10-12
1524,68,Pain & Gain,1,3,2013-04-26
1525,56,Call of Heroes,1,1,2016-08-12
1526,55,Lucy,1,5,2014-07-25
1527,89,Raees,1,2,2017-01-25
1528,114,The Gallows,10,2,2015-07-10
1529,65,Outlaw King,1,1,2018-11-09
1530,63,Brahman Naman,4,1,2016-07-07
1531,81,Operaà§àµes Especiais,1,1,2015-10-15
1532,119,Despicable Me 2,3,3,2013-07-03
1533,68,Blue Velvet,7,4,1986-10-23
1534,100,The Autopsy of Jane Doe,10,1,2016-12-21
1535,109,The Circle,16,5,NOT AVAILABLE
1536,98,Ronnie Coleman: The King,6,5,2018-06-22
1537,136,American Assassin,1,1,2017-09-15
1538,146,Transformers: Age of Extinction,1,3,2014-06-27
1539,140,The Truth,1,3,2012-11-29
1540,120,Bring It On: All or Nothing,4,4,2006-08-08
1541,104,Alien Outpost,1,3,2015-01-30
1542,126,Mechanic: Resurrection,1,4,2016-08-26
1543,146,Benji,5,2,2018-03-16
1544,144,Escape Room,10,2,2017-09-29
1545,70,Angel of Christmas,4,1,2015-11-29
1546,104,Havenhurst,10,3,2017-02-10
1547,134,Dartmoor Killing,7,3,2015-09-18
1548,63,White Chicks,4,5,2004-06-23
1549,113,Rahasya,13,5,2015-01-30
1550,129,Bird Box,7,5,2018-12-21
1551,103,Bodyguard,1,4,2011-08-31
1552,86,Mary Shelley,7,1,2018-07-06
1553,55,Overboard (2018),11,1,NOT AVAILABLE
1554,139,BLAME!,3,2,2017-05-20
1555,98,Eye in the Sky,1,4,2016-04-01
1556,78,Talladega Nights: The Ballad of Ricky Bobby,4,3,2006-08-04
1557,107,The Siege,1,3,1998-11-06
1558,107,Brain on Fire,7,2,NOT AVAILABLE
1559,81,Security,1,5,2017-03-04
1560,97,The Line,1,1,2011-12-22
1561,63,Rogue,1,4,2007-11-08
1562,138,The Man from the Future,4,3,2011-09-02
1563,98,"Game Over, Man!",1,5,2018-03-23
1564,120,The Bone Collector,5,2,1999-11-05
1565,133,The Jungle Book,2,3,2016-04-15
1566,96,Miracle on 34th Street,8,2,1994-11-18
1567,58,Tomorrowland,1,1,2015-05-22
1568,101,First They Killed My Father,7,1,2017-09-15
1569,86,Air Bud: World Pup,4,2,2000-12-12
1570,75,Just Friends,4,1,2005-11-23
1571,66,The Stepfather,5,5,2009-10-16
1572,109,Mission: Impossible 5,1,4,2015-07-31
1573,62,Lifeforce,1,4,1985-06-21
1574,135,Marauders,1,1,2016-07-01
1575,78,Paradise Lost,7,1,2018-05-31
1576,133,The Witch,7,1,2016-02-19
1577,132,Over the Hedge,3,2,2006-05-19
1578,127,Chalet Girl,4,1,2011-10-14
1579,53,Black Snake Moan,7,2,2007-03-02
1580,57,Bibi & Tina: Girls Versus Boys,2,5,2016-01-21
1581,93,Made of Honor,4,1,2008-05-02
1582,82,Sleeping with the Enemy,7,1,1991-02-08
1583,67,The Lost World: Jurassic Park,1,4,1997-05-23
1584,123,Daybreakers,1,4,2010-01-08
1585,77,The Human Centipede,10,4,2010-04-28
1586,59,The Foreigner,17,2,NOT AVAILABLE
1587,148,Fireplace 4K: Crackling Birchwood from Fireplace for Your Home,19,3,2008-11-01
1588,121,Moh Maya Money,5,1,2016-11-25
1589,77,Conor McGregor: Notorious,6,1,2017-11-08
1590,126,How to Train Your Dragon,3,5,2010-03-26
1591,78,Bewildered Bolbol,4,5,2010-11-11
1592,80,Gladiator,1,4,2000-05-05
1593,93,Rip Tide,7,2,2017-10-03
1594,150,Minions,3,5,2015-07-10
1595,69,Beak & Brain: Genius Birds From Down Under,6,3,2013-10-03
1596,127,Focus,4,5,2015-02-27
1597,51,Along Came Polly,4,3,2004-01-16
1598,86,No Good Deed,1,5,2014-09-12
1599,69,Under the Shadow,7,2,2016-10-07
1600,67,Enter the Warriors Gate,1,5,2017-05-05
1601,120,Paul Blart: Mall Cop 2,1,3,2015-04-17
1602,83,Bushwick,1,2,2017-08-25
1603,73,Pixels,1,5,2015-07-24
1604,65,Chittagong,1,2,2012-10-12
1605,135,The Package,4,4,2018-08-10
1606,54,The Interview,17,4,1998-08-20
1607,67,Rob Roy,2,1,1995-04-14
1608,52,My Little Pony Equestria Girls: Rainbow Rocks,3,2,2014-09-27
1609,96,Ghostbusters II,1,2,1989-06-16
1610,81,Stomp the Yard,7,3,2007-01-12
1611,126,Robot Jox,1,4,1990-11-21
1612,92,Molly Moon and the Incredible Book of Hypnotism,2,2,2016-12-02
1613,53,The Reef 2: High Tide,3,4,2012-10-30
1614,73,Five Children and It,2,1,2004-10-15
1615,84,Monster House,3,2,2006-07-21
1616,57,The Journey Is the Destination,7,2,2017-04-18
1617,67,If....,5,5,1969-05-21
1618,145,Berlin Syndrome,7,5,2017-05-26
1619,104,Madagascar,3,1,2005-05-27
1620,118,The Man in 3B,13,2,2015-11-06
1621,65,Rebirth,17,4,2016-07-15
1622,146,What to Expect When You're Expecting,4,3,2012-05-18
1623,59,The Resident,7,1,2011-03-11
1624,111,Dream Lover,7,1,1994-05-06
1625,108,Last Girl Standing,7,4,2015-10-17
1626,150,The Swan Princess,3,4,1994-11-18
1627,97,Paid in Full,1,5,2002-10-25
1628,116,Bullet to the Head,1,2,2013-02-01
1629,126,Life of Crime,4,5,2014-08-29
1630,64,Fools Rush In,4,5,1997-02-14
1631,108,Seal Team Six: The Raid on Osama Bin Laden,1,3,2012-11-04
1632,115,Hypersomnia,9,5,2017-03-30
1633,79,Emo the Musical,4,4,2017-05-04
1634,129,Grass Is Greener,6,5,2019-04-20
1635,56,FullMetal Alchemist,1,5,2017-12-01
1636,144,Hunting Britain's Most Wanted,6,2,NOT AVAILABLE
1637,135,Kung Fu Panda 2,3,5,2011-05-26
1638,117,Sherlock Holmes,1,2,2009-12-25
1639,89,"Definitely, Maybe",4,1,2008-02-14
1640,109,Drishyam,5,1,2015-07-31
1641,133,Freight,1,1,NOT AVAILABLE
1642,54,The Bounty Hunter,1,3,2010-03-19
1643,58,Smokin' Aces,1,4,2007-01-26
1644,112,Megan Leavey,7,1,2017-06-09
1645,102,Extremis,6,4,2016-09-16
1646,105,Money Monster,5,3,2016-05-13
1647,138,The Rachel Divide,6,2,2018-04-27
1648,64,Camp Cool Kids,8,2,2017-07-11
1649,113,A Christmas Prince,4,3,2017-11-17
1650,142,Cardboard Gangsters,5,2,2017-06-16
1651,107,Meru,6,3,2015-08-14
1652,60,Bibi & Tina II,2,2,2014-12-25
1653,61,City of God,5,4,2004-02-13
1654,92,Horns,4,5,2014-10-03
1655,128,Death Wish (2018),5,2,NOT AVAILABLE
1656,69,Robo-Dog,8,4,2015-10-14
1657,59,Hostel,10,5,2006-01-06
1658,67,Picture This,4,2,2008-07-13
1659,86,Here on Earth,7,2,2000-03-24
1660,130,Unbroken,7,1,2014-12-25
1661,132,Who Took Johnny,6,1,2014-01-17
1662,125,Battle: Los Angeles,1,2,2011-03-11
1663,121,Survivors Guide to Prison,6,4,2018-02-23
1664,142,Aarakshan,7,3,2011-08-12
1665,92,Hancock,1,5,2008-07-02
1666,99,Secrets of Her Majesty's Secret Service,6,4,2014-06-30
1667,127,The Blood Lands,10,5,2015-09-01
1668,118,Detroit,5,2,2017-08-04
1669,88,Lions for Lambs,5,2,2007-11-09
1670,109,World of Compulsive Hoarders,6,2,2007-05-02
1671,115,London,7,5,2006-02-10
1672,128,Q2454505,4,1,2013-01-31
1673,106,Nathicharami,7,1,2018-12-01
1674,63,Ek Ladki Ko Dekha Toh Aisa Laga,4,2,2019-02-01
1675,140,The Royle Family: Christmas Special 2000,4,5,NOT AVAILABLE
1676,65,Speed 2: Cruise Control,1,5,1997-06-13
1677,134,The Man with the Iron Heart,1,1,2017-06-07
1678,134,The Russian Revolution,6,2,2017-06-15
1679,149,The Woman in Black,7,4,2012-02-03
1680,121,Deliha,4,3,2014-11-14
1681,143,Once Upon a Holiday,7,1,2015-11-25
1682,78,Wild Child,4,2,2008-08-15
1683,106,Easy A,4,1,2010-09-17
1684,108,Mirrors,10,2,2008-08-15
1685,80,No Way Out,1,2,1987-08-14
1686,103,Bedazzled,4,4,2000-10-20
1687,94,Ibiza,4,2,2018-05-25
1688,109,Annie,4,1,2014-12-19
1689,102,Step Up,5,2,2006-08-11
1690,104,Infinity Chamber,15,2,2017-09-15
1691,144,Naked,4,1,2017-08-11
1692,63,Clair Obscur,7,2,2017-03-10
1693,91,Gridiron Gang,5,1,2006-09-15
1694,105,Manto,7,1,2018-09-21
1695,91,Steve Jobs,7,1,2015-10-23
1696,136,Poster Boys,4,2,2017-09-08
1697,83,Rim of the World,1,3,2019-05-24
1698,98,Gone Baby Gone,5,3,2007-10-19
1699,70,Beasts of No Nation,7,2,2015-10-16
1700,138,Hellboy II: The Golden Army,1,4,2008-07-11
1701,111,The Zookeeper's Wife,7,1,2017-04-07
1702,59,Blood Money,10,3,NOT AVAILABLE
1703,62,The Seventh Son,1,5,2015-02-06
1704,61,Colosseum: Rome's Arena of Death,7,2,2003-10-13
1705,62,What Happened to Monday,1,4,2017-08-18
1706,106,The Physician,2,2,2014-12-05
1707,63,Step Up Revolution,7,1,2012-07-27
1708,146,Fall of an Empire,18,3,NOT AVAILABLE
1709,145,Rocco,6,1,2017-09-01
1710,98,Live Free or Die Hard,1,2,2007-06-27
1711,67,Funny People,4,2,2009-07-31
1712,122,Hayat à–pücügü,4,5,2015-10-09
1713,58,Zubaan,7,2,2016-03-04
1714,126,Mr. Bean's Holiday,4,2,2007-08-24
1715,122,The Outcasts,4,5,2017-04-14
1716,122,The Equalizer,1,4,2014-09-26
1717,93,A Perfect Ending,7,2,2012-06-21
1718,136,Death Note,5,5,NOT AVAILABLE
1719,66,In The Deep,1,5,2017-09-26
1720,103,Vacation,2,3,2015-07-29
1721,96,The Firefly,7,4,NOT AVAILABLE
1722,136,Rogue Agent,8,5,NOT AVAILABLE
1723,147,Push,1,3,2009-02-06
1724,105,Shark Tale,3,5,2004-10-01
1725,143,Viking Apocalypse,6,3,2011-12-22
1726,57,Adventures in Public School,4,3,2018-04-27
1727,87,My Last Day without You,4,5,2013-10-04
1728,127,Last Knights,1,2,2015-04-03
1729,90,The Hangover Part II,4,3,2011-05-26
1730,96,Plan Z,10,4,2016-03-19
1731,64,Bad Seeds,4,2,2018-11-21
1732,124,Alien Warfare,1,5,2019-04-05
1733,115,Russell Madness,8,1,2015-05-10
1734,78,TAU,15,1,2018-06-29
1735,70,Hotel Transylvania,3,4,2012-09-28
1736,135,Tamasha,4,5,2015-11-27
1737,112,Pettersson and Findus 2,3,5,2016-11-03
1738,79,The Angry Birds Movie,3,4,2016-05-20
1739,64,Daddy's Home,4,3,2015-12-25
1740,95,Lavender,7,2,2017-03-03
1741,122,He Who Dares: Downing Street Siege,1,5,2015-01-23
1742,98,Me Before You,7,2,2016-06-03
1743,65,Science Fiction Volume One: The Osiris Child,1,2,2017-05-18
1744,148,Nicholas on Holiday,4,5,2014-07-09
1745,86,Copenhagen,2,5,2014-10-03
1746,124,To the Beat,4,1,2018-03-13
1747,79,The Super,10,2,2018-10-19
1748,105,Love,7,1,2015-10-30
1749,122,Bird Box,8,3,NOT AVAILABLE
1750,149,TE3N,7,4,2016-06-10
1751,130,Star Trek Beyond,1,4,2016-07-22
1752,129,Russell Brand: From Addiction to Recovery,6,1,2017-06-30
1753,137,The Avengers,1,2,2012-05-04
1754,133,Flight,7,2,2012-11-02
1755,122,Burnt,4,3,2015-10-30
1756,54,Black Site Delta,1,2,2017-05-05
1757,128,Amanda Knox,6,4,2016-09-30
1758,135,Looney Tunes: Back in Action,3,4,2003-11-14
1759,139,The Foreigner,1,3,2017-10-13
1760,85,Beiimaan Love,7,2,2016-10-14
1761,54,Open Water 3: Cage Dive,2,5,2017-04-27
1762,74,Shrek,3,3,2001-05-18
1763,85,Apostle,7,3,2018-10-12
1764,140,A Most Violent Year,1,2,2015-01-30
1765,148,Seeking Justice,1,1,2011-09-02
1766,90,"Crouching Tiger, Hidden Dragon",1,4,2001-01-12
1767,94,Mamma Mia!,4,2,2008-07-18
1768,95,Without a Paddle,2,4,2004-08-20
1769,51,Agent Cody Banks,1,3,2003-03-14
1770,74,Hansel and Gretel,8,4,1988-12-10
1771,69,Blackadder's Christmas Carol,4,2,1988-12-23
1772,123,Skin Trade,1,1,2015-04-23
1773,135,Triangle,9,4,2009-10-16
1774,102,The DUFF,4,4,2015-02-20
1775,59,The Shawshank Redemption,7,3,1994-10-14
1776,69,Playing the Field,4,3,2012-12-07
1777,145,Wheelman,1,3,2017-10-20
1778,132,Nocturnal Animals,7,5,2016-12-09
1779,54,The Cobbler,4,1,2015-03-13
1780,62,Little Evil,4,4,2017-09-01
1781,146,American Pie 2,4,2,2001-08-10
1782,118,Udta Punjab,1,2,2016-06-17
1783,78,The Titan,7,2,2018-03-30
1784,99,The Long Riders,5,1,1980-05-16
1785,104,Species III,10,3,2005-02-11
1786,109,Daft Punk Unchained,6,1,2015-06-24
1787,94,Madagascar: Escape 2 Africa,3,3,2008-11-07
1788,71,Nerve,2,2,2016-07-27
1789,98,Kill Ratio,1,4,2016-12-09
1790,90,Ace Ventura: When Nature Calls,2,5,1995-11-10
1791,143,Hardcore,1,1,2016-04-08
1792,92,About Time,4,3,2013-11-08
1793,150,Bandits,4,5,2001-10-12
1794,123,Goldman Sachs: The Bank That Runs the World,18,4,NOT AVAILABLE
1795,127,Steamboy,3,2,2005-03-18
1796,61,Mission: Impossible,1,3,1996-05-22
1797,57,Biggie & Tupac,6,1,2002-05-24
1798,70,Bad Santa 2,4,1,2016-11-23
1799,71,The Kissing Booth,4,4,2018-05-11
1800,147,Every Day,7,4,2018-02-23
1801,130,Joy,7,1,2015-12-25
1802,57,Preservation,10,2,2015-01-09
1803,137,Down a Dark Hall,7,5,2018-08-17
1804,61,The Mummy Returns,1,2,2001-05-04
1805,85,The Search For Life: The Drake Equation,6,2,2010-12-14
1806,107,Justin and the Knights of Valor,18,4,NOT AVAILABLE
1807,135,Andhadhun,5,2,2018-10-05
1808,105,Magic Snowflake,3,3,2015-12-20
1809,113,Welcome to the Punch,1,2,2013-03-15
1810,128,Paranormal Activity 2,10,2,2010-10-22
1811,107,Small Is Beautiful,14,2,NOT AVAILABLE
1812,104,Paranormal Activity: The Marked Ones,10,1,2014-01-03
1813,85,100 Days Of Solitude,6,1,2018-03-16
1814,78,Labyrinth,2,5,1986-06-27
1815,147,Cabin Fever,10,4,2016-05-13
1816,116,The White King,7,4,2017-12-05
1817,65,Centurion,1,2,2010-07-30
1818,95,Dead Man Running,1,4,2009-10-30
1819,106,Haywire,1,2,2012-01-20
1820,65,Brannigan,1,5,1975-03-26
1821,87,The Girl Who Kicked the Hornets' Nest,5,3,2010-11-12
1822,137,Night Owls,4,2,2016-07-15
1823,137,"Ashley Madison: Sex, Lies and Cyber Attacks",6,2,2016-08-31
1824,126,Fallen,7,4,2017-09-08
1825,113,The Conjuring 2,10,3,2016-06-10
1826,118,Soni,7,1,2019-01-18
1827,136,I Am Not a Witch,7,5,2018-09-07
1828,90,Night Watch,1,3,2006-03-03
1829,56,Cowspiracy: The Sustainability Secret,6,2,2015-09-15
1830,79,Little Lunch: The Halloween Horror Story,4,4,2016-10-31
1831,101,Journey's End,7,3,2018-02-02
1832,127,Kaabil,1,5,2017-01-27
1833,58,Open Water 2: Adrift,2,4,2006-08-10
1834,51,Falcon Rising,1,4,2014-11-27
1835,77,Ride Along 2,1,3,2016-01-15
1836,89,48 Christmas Wishes,2,2,2017-11-02
1837,78,The Skin of the Wolf,7,3,2018-07-06
1838,149,Very Good Girls,7,5,2014-06-24
1839,68,Happy Feet Two,3,1,2011-11-18
1840,148,The Big Lebowski,4,4,1998-03-06
1841,83,Acts of Vengeance,1,3,2017-10-27
1842,88,Red Dragon,5,1,2002-10-04
1843,92,Kung Fu Jungle,1,2,2015-04-24
1844,66,The Secrets of Emily Blair,10,5,2016-10-01
1845,51,Good Sam,4,2,2019-05-16
1846,114,The Vow,7,1,2012-02-10
1847,146,Antz,3,3,1998-10-02
1848,106,You're Next,10,1,2013-08-23
1849,73,Kocan Kadar Konus 2: Dirilis,4,4,2016-01-01
1850,67,Den of Thieves,1,3,2018-01-19
1851,99,Tum Milo Toh Sahi,4,4,2010-04-02
1852,119,GODZILLA The Planet Eater,3,5,2019-01-09
1853,141,The New Adventures of Pippi Longstocking,2,5,1988-07-29
1854,80,The Book of Henry,5,2,2017-06-23
1855,115,Diamond Cartel,1,5,2017-03-24
1856,122,Edge of Darkness,1,1,2010-01-29
1857,136,Abduction,1,4,2011-09-23
1858,96,The Hard Way,1,5,2019-03-05
1859,60,Take Me,4,5,2017-05-05
1860,101,The House Bunny,4,1,2008-08-22
1861,145,My Little Pony: Equestria Girls,3,5,2016-06-15
1862,56,Shrek Forever After,3,3,2010-05-21
1863,106,Ravenous,7,4,2018-03-02
1864,53,Goon: Last of the Enforcers,4,4,2017-09-01
1865,109,When Harry Met Sally,4,2,1989-07-21
1866,60,1 Chance 2 Dance,7,1,2014-01-21
1867,91,Donnie Brasco,5,1,1997-02-28
1868,124,Pants on Fire,4,5,2014-11-09
1869,105,"Bon Cop, Bad Cop",1,3,2006-08-11
1870,124,IO,2,3,2019-01-18
1871,102,Insidious,10,3,2011-04-01
1872,141,Snitch,1,1,2013-02-22
1873,132,"My Teacher, My Obsession",7,3,2018-06-12
1874,104,Friday the 13th: A New Beginning,10,1,1985-03-22
1875,88,Dangal,1,1,2016-12-21
1876,65,The Sentinel,1,2,2006-04-21
1877,102,Fantastic Four: Rise of the Silver Surfer,1,3,2007-06-15
1878,53,Oscura Seduccion,17,3,2011-03-03
1879,92,Arctic Blast,1,1,2010-05-30
1880,72,Bewitched,4,5,2005-06-24
1881,130,Q22384647,4,3,2016-01-29
1882,109,The Lord of the Rings: The Return of the King,1,5,2003-12-17
1883,139,The Unthinkable,1,5,2018-06-20
1884,97,Bad Grandpa .5,4,3,2014-06-03
1885,62,All the Devil's Men,1,4,2019-01-24
1886,106,Hit and Run,10,5,2009-01-13
1887,64,Titanic,7,1,1997-12-19
1888,82,Area 51,10,3,2015-05-15
1889,106,Khakee,1,4,2004-01-23
1890,126,Murder on the Cape,7,1,2017-08-31
1891,102,Stretch Armstrong: The Breakout,8,2,NOT AVAILABLE
1892,118,Milk,7,1,2009-01-30
1893,61,Mandie and the Forgotten Christmas,7,2,2011-09-23
1894,101,What Keeps You Alive,10,4,2018-08-24
1895,90,Spanish Affair 2,4,3,2015-11-20
1896,146,Bone Tomahawk,7,3,2016-02-19
1897,94,Enemy at the Gates,7,2,2001-03-16
1898,79,In-Lawfully Yours,4,2,2016-09-06
1899,93,Fishpeople,6,5,NOT AVAILABLE
1900,150,Bait 3D,1,5,2012-09-20
1901,72,Retribution,1,5,2015-09-25
1902,60,ParaNorman,3,1,2012-08-17
1903,116,Left Behind,1,4,2014-10-03
1904,132,Spirit: Stallion of the Cimarron,3,3,2002-05-24
1905,65,It's Kind of a Funny Story,4,1,2010-10-08
1906,118,Ankhon Dekhi,4,2,2014-03-21
1907,116,Jupiter Ascending,1,5,2015-02-06
1908,75,Before I Wake,7,5,2018-01-05
1909,150,Sleepover,4,3,2004-07-09
1910,95,Mercury Rising,1,2,1998-04-03
1911,95,Dying of the Light,6,5,NOT AVAILABLE
1912,144,Arthur Christmas,3,4,2011-11-23
1913,133,Nostalgia,7,4,2018-02-16
1914,69,The Diary of a Teenage Girl,4,2,2015-08-28
1915,81,Cuba and the Cameraman,6,5,2017-11-24
1916,64,Period. End of Sentence.,6,4,2019-02-12
1917,69,Bound,7,5,2016-02-05
1918,83,Pahuna,7,3,2017-09-07
1919,76,Janaan,7,2,2016-09-09
1920,73,The Mortal Instruments: City of Bones,1,1,2013-08-21
1921,128,The Loft,13,4,2015-01-30
1922,70,Neighbors,4,3,2014-05-09
1923,148,He Never Died,4,1,2015-12-18
1924,148,Basic,1,5,2003-03-28
1925,134,Ghosts of Girlfriends Past,4,2,2009-05-01
1926,60,Bridget Jones's Baby,4,2,2016-09-16
1927,73,The Mystery of Sleep,6,5,NOT AVAILABLE
1928,149,Get the Gringo,1,2,2012-06-22
1929,131,Resident Evil: Extinction,1,3,2007-09-21
1930,114,Nine Lives,4,3,2016-08-05
1931,110,Bhouri,7,1,2017-02-24
1932,147,Robin Hood: Men in Tights,2,1,1993-07-28
1933,123,The Week Of,4,1,2018-04-27
1934,148,God of War,1,2,2017-06-02
1935,125,Daemonium,1,4,2016-12-20
1936,108,Rage,1,1,2014-05-09
1937,138,Waterworld,1,3,1995-07-28
1938,123,Riddick,1,2,2013-09-06
1939,133,Dorian Gray,7,2,2009-09-09
1940,132,6-5=2,10,4,2013-11-29
1941,130,Confessions of a Brazilian Call Girl,7,1,2011-02-25
1942,92,Company of Heroes,1,1,2013-02-26
1943,131,Before I Fall,7,1,2017-03-03
1944,91,Annie,4,4,1982-06-18
1945,70,Cruel Intentions,7,1,1999-03-05
1946,107,2 Fast 2 Furious,1,5,2003-06-06
1947,59,No Estoy Loca,4,3,2018-01-04
1948,111,Aisa Yeh Jahaan,19,4,2015-07-24
1949,107,Alex Strangelove,4,4,2018-06-08
1950,131,The Great Wall,1,2,2017-02-17
1951,89,99,4,1,2009-05-15
1952,86,​​Kuch Bheege Alfaaz,14,5,2018-02-16
1953,126,Audrie & Daisy,6,3,2016-09-23
1954,58,The Good Witch's Gift,7,3,2010-11-13
1955,96,Iron Man: Rise of Technovore,3,4,2013-04-09
1956,115,Happy Times,15,2,NOT AVAILABLE
1957,60,Most Likely to Die,10,5,2016-04-25
1958,90,The Stranger Within,9,3,NOT AVAILABLE
1959,110,"Love, Rosie",4,4,2014-10-22
1960,108,Penelope,4,2,2008-02-29
1961,55,The Monkey King: Havoc in Heaven's Palace,14,5,NOT AVAILABLE
1962,58,Murder Party,4,2,2007-01-21
1963,98,6 Bullets,1,1,2012-11-17
1964,87,After Earth,1,2,2013-05-31
1965,60,It Follows,10,1,2015-03-13
1966,133,Shutter,10,2,2008-03-21
1967,62,God's Own Country,7,5,2017-08-24
1968,129,Spellbinder,7,5,1988-09-23
1969,127,Spy Game,1,3,2001-11-21
1970,115,Mom,5,4,2017-07-07
1971,100,Stan Helsing,4,5,2010-03-25
1972,110,Geerümce,4,3,2016-12-02
1973,125,The Concubine,7,2,2012-06-06
1974,121,What a Girl Wants,4,3,2003-04-04
1975,145,Parker,1,3,2013-01-25
1976,56,Immoral Tales,7,3,1974-08-28
1977,108,The Notebook,7,4,2004-06-25
1978,124,Refugee,6,5,NOT AVAILABLE
1979,134,Identity Thief,4,2,2013-02-08
1980,75,Black Mirror: Bandersnatch,7,4,2018-12-28
1981,92,Rogue One: A Star Wars Story,1,5,2016-12-16
1982,128,Spy,1,4,2015-06-05
1983,111,Fate/Grand Order: First Order,3,2,2016-12-31
1984,115,Austenland,4,4,2013-09-27
1985,70,One of Us,18,1,NOT AVAILABLE
1986,58,Emelie,10,4,2016-03-04
1987,108,Sandy Wexler,4,2,2017-04-14
1988,64,Voyeur,6,2,2017-12-01
1989,94,Orphan,10,4,2009-07-24
1990,142,Catch and Release,4,3,2007-01-26
1991,61,DreamWorks Home: For the Holidays,3,4,2017-12-01
1992,115,Christmas Eve,4,4,2015-12-04
1993,133,Always Be My Maybe,4,1,2019-05-31
1994,73,The Crew,1,4,2018-11-15
1995,56,Naga The Eternal Yogi,6,1,2016-06-03
1996,82,The Resistance Banker,7,1,2018-03-08
1997,141,RED,1,2,2010-10-15
1998,107,The Hangover Part III,4,2,2013-05-23
1999,107,To All the Boys I've Loved Before,4,1,2018-08-17
2000,118,Be Afraid,10,2,2017-06-01
2001,117,Orbiter 9,7,4,2017-04-07
2002,129,Kingsman: The Secret Service,1,1,2015-02-13
2003,71,A Family Man,7,2,2017-07-28
2004,97,Midnight Run,1,4,1988-07-20
2005,98,Revenge of the Pink Panther,4,2,1978-07-19
2006,87,Think like a Man,4,3,2012-04-20
2007,100,Furry Vengeance,4,2,2010-04-30
2008,103,Mute,13,4,2018-02-23
2009,150,Striking Distance,1,3,1993-09-17
2010,94,The Perfect Date,4,3,2019-04-12
2011,137,How It Ends,1,5,2018-07-13
2012,127,Earth to Echo,2,2,2014-07-02
2013,57,Bunks,4,2,2014-06-16
2014,131,Burlesque,7,4,2010-11-24
2015,133,Ted 2,4,1,2015-06-26
2016,93,Monte Carlo,2,2,2011-07-01
2017,59,Sairat,7,2,2016-04-29
2018,93,From Prada to Nada,4,3,2011-01-28
2019,63,Walking Tall,1,5,2004-04-02
2020,122,Walk of Shame,4,2,2014-05-01
2021,137,Kis Kisko Pyaar Karoon,4,1,2015-09-25
2022,100,Wildflower,7,2,2016-04-05
2023,87,Natural Selection,7,3,2016-12-01
2024,83,Dragon Blade,1,2,2015-09-04
2025,143,Sarkar,1,4,NOT AVAILABLE
2026,135,Welcome 2 Karachi,1,3,2015-05-28
2027,128,Thick as Thieves,1,4,2009-01-09
2028,70,Ex Machina,7,5,2015-04-24
2029,93,North v South: Long Time Coming,17,1,2019-06-13
2030,61,Candyflip,9,5,NOT AVAILABLE
2031,125,The 5th Wave,1,4,2016-01-22
2032,135,The Virgin Suicides,7,1,2000-05-19
2033,69,La La Land,4,5,2016-12-25
2034,95,A Twelve Year Night,5,1,2018-12-28
2035,90,Blue Is the Warmest Color,7,5,2013-10-09
2036,134,The Cabin in the Woods,10,3,2012-04-13
2037,140,The Most Assassinated Woman in the World,7,1,2018-09-07
2038,135,Gerald's Game,7,2,2017-09-29
2039,101,Harsh Times,1,4,2006-11-10
2040,67,"Men, Women & Children",4,5,2014-10-17
2041,127,That's My Boy,4,4,2012-06-15
2042,141,The Lord of the Rings: The Two Towers,1,5,2002-12-18
2043,61,Macchli Jal Ki Rani Hai,10,2,2014-06-13
2044,90,The Silence,7,5,2019-04-10
2045,122,Spotlight,5,1,2015-11-20
2046,99,The Exorcism of Emily Rose,7,2,2005-09-09
2047,133,Jane,6,1,2017-11-24
2048,93,Kick-Ass 2,1,1,2013-08-16
2049,67,Finders Keepers,6,1,2015-09-25
2050,136,Adore,7,5,2013-04-03
2051,140,Highway,5,3,2014-02-21
2052,145,The Keeper,1,1,2009-10-03
2053,138,Two by Two,14,1,NOT AVAILABLE
2054,118,Tale of Tales,7,2,2016-04-22
2055,62,Shrek 2,3,3,2004-05-19
2056,133,Ghost in the Shell,1,5,2017-03-31
2057,136,Cargo,5,3,2018-11-13
2058,105,Dumplin',4,3,2018-12-07
2059,116,Set Up,1,3,2011-10-13
2060,97,The Nice Guys,1,1,2016-05-20
2061,53,Jobs,7,1,2013-08-16
2062,97,Deep,3,2,2018-01-15
2063,90,Bad Neighbours 2,1,5,NOT AVAILABLE
2064,74,Legally Blondes,4,1,2009-04-28
2065,78,Killer Mermaid,7,2,2014-05-01
2066,94,The Intervention,4,2,2016-08-26
2067,149,Sicario,1,1,2015-10-02
2068,113,Beastly,7,4,2011-03-04
2069,75,Finders Keepers,10,3,2014-10-18
2070,79,Nazi Gold in Argentina,6,5,2005-04-07
2071,68,Ghost House,10,4,2017-08-25
2072,70,Metamorphoses,7,3,2014-09-03
2073,60,The House Next Door,10,4,2017-11-03
2074,88,Requiem for the American Dream,6,1,2016-10-20
2075,63,Paranormal Activity 4,15,2,NOT AVAILABLE
2076,115,Family Blood,10,3,2018-05-04
2077,149,Opal Dream,7,3,2006-11-22
2078,120,The Crocodile Hunter: Collision Course,1,3,2002-07-12
2079,145,Eungyo,1,3,NOT AVAILABLE
2080,118,Struggle: The Life and Lost Art of Szukalski,6,5,2018-12-21
2081,55,The Siege of Jadotville,1,2,2016-10-07
2082,135,Summertime,7,3,2016-09-15
2083,94,Naam Shabana,1,3,2017-03-31
2084,149,The Villainess,1,1,2017-06-08
2085,130,Lucknow Central,1,4,2017-09-15
2086,67,Ferris Bueller's Day Off,4,2,1986-06-11
2087,127,Full Metal Jacket,7,1,1987-07-10
2088,99,1922,5,2,NOT AVAILABLE
2089,70,Puss in Boots,3,2,2011-10-28
2090,71,Fun Mom Dinner,4,4,2017-08-04
2091,74,The Fog,10,5,2005-10-14
2092,139,How to Be Single,4,1,2016-02-12
2093,149,Yucatán,4,3,2018-08-31
2094,130,#Horror,5,5,2015-11-20
2095,72,Cowboys & Aliens,1,4,2011-07-29
2096,143,Cop Out,1,1,2010-02-26
2097,107,Almost Friends,4,1,2017-11-17
2098,56,Scrooged,4,3,1988-11-23
2099,103,13TH,8,4,NOT AVAILABLE
2100,97,According to Greta,6,1,NOT AVAILABLE
2101,137,Happy Anniversary,4,5,2018-03-30
2102,143,I.T,5,4,2016-09-23
2103,81,The Little Death,4,1,2015-06-26
2104,107,Gascoigne,6,1,2015-06-08
2105,129,The Kidnapping of Freddy Heineken,1,3,2015-03-06
2106,87,Paranormal Activity 3,10,5,2011-10-21
2107,147,The Escorts,6,5,2011-03-01
2108,146,In a Valley of Violence,1,2,2016-10-21
2109,108,Expedition Happiness,6,2,NOT AVAILABLE
2110,80,London Has Fallen,1,4,2016-03-04
2111,119,Super Troopers,4,4,2002-02-15
2112,81,White Girl,5,2,2016-12-01
2113,90,Zero Dark Thirty,7,2,2013-01-11
2114,111,King Kong,1,5,2005-12-14
2115,75,Anchorman: The Legend Continues,4,1,2013-12-18
2116,98,Plastic,1,2,2014-09-26
2117,137,Snow White and the Huntsman,1,3,2012-06-01
2118,124,Albion: The Enchanted Stallion,1,4,2017-04-04
2119,107,The Christmas Chronicles,2,3,2018-11-22
2120,110,Dead Rising: Watchtower,1,4,2015-03-27
2121,149,I Don't Feel at Home in This World Anymore,4,2,2017-02-24
2122,87,Last Tango in Paris,7,2,1973-02-07
2123,150,The Road to El Dorado,3,3,2000-03-31
2124,99,Scouts vs. Zombies,1,5,2015-10-30
2125,115,Otto the Rhino,3,4,2013-02-07
2126,118,Lust Stories,7,5,2018-06-15
2127,104,GANTZ:O,3,2,2016-10-14
2128,71,The World's End,1,4,2013-08-23
2129,76,The Neon Demon,10,5,2016-06-24
2130,128,Madaari,2,5,2016-07-22
2131,68,Nails,10,5,2017-11-17
2132,83,Three Kingdoms: Resurrection of the Dragon,1,2,2008-04-03
2133,57,Jaws,2,2,1975-06-20
2134,133,Sunrise,5,4,2016-03-02
2135,112,The Back-up Plan,4,5,2010-04-23
2136,98,Sun Dogs,4,5,2018-04-06
2137,121,The Arrival,15,1,1996-05-31
2138,64,"Crazy, Stupid, Love.",4,5,2011-07-29
2139,142,6 Years,7,1,2015-08-18
2140,117,The Bank Job,5,1,2008-03-07
2141,66,Deidra & Laney Rob a Train,4,5,2017-03-17
2142,87,Lady Chatterley's Lover,7,1,1982-05-07
2143,61,Agyaat,7,5,2009-08-07
2144,148,You Got Served,7,1,2004-01-30
2145,71,The Beach,2,1,2000-02-11
2146,85,Sand Storm,7,4,2016-09-15
2147,108,Shut In,7,4,2016-11-11
2148,116,Ski School,4,1,1991-01-11
2149,69,The Darkness,10,2,2016-05-13
2150,106,Ghost Patrol,3,4,2016-10-09
2151,62,"The Good, the Bad and the Ugly",19,3,1967-12-29
2152,79,Last Passenger,1,3,2014-04-25
2153,108,Dismissed,7,3,2019-01-03
2154,95,Standing Ovation,12,3,2010-07-16
2155,54,Clueless,4,2,1995-07-19
2156,104,Pandora,1,4,2017-03-17
2157,57,Extinction,7,5,2015-07-31
2158,101,Drive Angry,1,1,2011-02-25
2159,115,Nymphomaniac: Volume 1,7,4,2014-03-06
2160,98,The Collector,1,5,2009-07-31
2161,81,Felony,5,4,2014-08-28
2162,100,Charlotte's Web,4,2,2006-12-15
2163,61,Wake Wood,7,1,2011-03-25
2164,98,Suicide Squad,1,4,2016-08-05
2165,79,Lo más sencillo es complicarlo todo,4,4,2018-01-26
2166,54,Air Buddies,2,5,2006-12-12
2167,91,Lemony Snicket's A Series of Unfortunate Events,2,2,2004-12-17
2168,63,My Girl 2,4,4,1994-02-11
2169,142,Perdida,5,4,2018-08-09
2170,134,Sharknado 5: Global Swarming,1,4,2017-08-06
2171,93,In the Shadow of Iris,6,4,NOT AVAILABLE
2172,69,The Last Airbender,1,3,2010-07-01
2173,68,Savita Damodar Paranjpe,17,4,2018-09-07
2174,55,Going for Gold,7,2,2018-05-17
2175,87,Romancing the Stone,1,2,1984-03-30
2176,111,Jessica Darling's It List,8,3,2016-06-21
2177,140,Monkey Up,4,5,2016-01-22
2178,68,Liberated: The New Sexual Revolution,6,4,2017-04-01
2179,148,The Bleeder,7,1,2017-05-05
2180,141,Elysium,1,2,2013-08-09
2181,111,Jason Bourne,1,4,2016-07-29
2182,108,Speech & Debate,4,1,2017-04-07
2183,129,Gun Shy,1,3,2017-09-08
2184,51,Her Own Justice,17,3,2015-11-08
2185,61,Let's Be Cops,1,3,2014-08-13
2186,53,Shanghai,5,5,2012-06-08
2187,83,Dilwale,1,2,2015-12-18
2188,78,The Gambler,5,4,2014-12-25
2189,70,Maximum Ride,1,4,2016-08-30
