videoID,title,categoryID,themeID,publishTime
1,Dead Man Down,1,2,2013-03-08
2,13TH,6,2,2016-10-07
3,Hacksaw Ridge,7,1,2016-11-04
4,Just My Luck,4,1,2006-05-12
5,The Amityville Horror,10,3,2005-04-15
6,American Violence,5,1,2017-06-11
7,Heartthrob,7,3,2018-01-01
8,Wonder,7,1,2017-11-17
9,Raising the Bar,7,3,2016-05-02
10,Lakeview Terrace,5,2,2008-09-19
11,Mostly Sunny,6,1,2017-01-10
12,Wedding Unplanned,4,4,2017-04-26
13,Nanny McPhee and the Big Bang,4,2,2010-08-20
14,Half Girlfriend,7,2,2017-05-19
15,Frontline Fighting: Battling ISIS,6,4,2015-09-16
16,El Camino Christmas,4,2,2017-12-08
17,Heist,1,5,2015-11-11
18,Vampires,1,4,1998-10-30
19,Air Bud: Seventh Inning Fetch,4,2,2002-06-18
20,Three-Quarters Decent,4,4,2012-01-15
21,A Wish For Christmas,7,5,2016-10-29
22,Baywatch,1,4,2017-05-25
23,The Trap,4,3,2019-04-01
24,Wheelman,6,1,NOT AVAILABLE
25,Lego DC Comics: Batman Be-Leaguered,3,2,2014-10-27
26,After Porn Ends 2,6,2,2017-03-28
27,The Duel,7,3,2016-06-24
28,10 jours en or,4,5,2012-01-11
29,When Angels Sleep,7,2,2018-09-07
30,Super Dark Times,5,1,2017-09-29
31,Warcraft,1,3,2016-06-10
32,Rustom,5,4,2016-08-12
33,Top Dog,5,5,2014-05-26
34,A Life of Its Own: The Truth About Medical Marijuana,6,2,2017-04-09
35,The Great Raid,1,2,2005-08-12
36,The 40-Year-Old Virgin,4,4,2005-08-19
37,Jackass Presents: Bad Grandpa,4,2,2013-10-25
38,Good Time,5,1,2017-08-25
39,Grown Ups 2,4,4,2013-07-12
40,The Killer Elite,1,3,1975-12-19
41,The Burning Plain,5,3,2009-11-05
42,End of a Gun,1,3,2016-09-23
43,Straw Dogs,1,5,2011-09-16
44,F/X2,1,5,1991-05-10
45,Tucker and Dale vs. Evil,4,4,2010-12-09
46,Unicorn Store,4,1,2019-04-05
47,American Pie Presents: Beta House,4,4,2007-12-26
48,Love Actually,4,1,2003-11-14
49,Good Kids,4,5,2016-10-21
50,The Kingdom,1,4,2007-09-28
51,The Highwaymen,5,1,2019-03-29
52,Hot Girls Wanted,6,1,2015-05-29
53,It's a Boy Girl Thing,4,2,2006-12-26
54,Madso's War,1,2,2010-12-30
55,8mm,5,3,1999-02-26
56,All About Them,4,2,2015-03-25
57,ARQ,1,1,2016-09-16
58,Tears of the Sun,1,1,2003-03-07
59,Harriet the Spy: Blog Wars,4,4,2010-03-26
60,Step Brothers,4,4,2008-07-25
61,Batman Ninja,3,4,2018-04-24
62,Message from the King,7,3,NOT AVAILABLE
63,Don't Knock Twice,7,1,2017-02-03
64,The Midnight Meat Train,10,2,2008-10-31
65,Criminal Activities,5,2,2015-11-20
66,Harvest Moon,4,3,2015-10-10
67,"Knock, Knock",7,3,2015-10-09
68,The Last Summer,4,1,2019-05-03
69,Virgin School,6,3,2007-05-15
70,Fatso,4,5,2012-05-04
71,Masaan,7,5,2015-06-24
72,Switchback,5,4,1997-10-31
73,Aliens on the Moon: The Truth Exposed,15,1,2014-07-20
74,Shame,7,3,2012-01-13
75,Home Again,4,3,2017-09-08
76,Hush,10,3,2016-04-08
77,Insidious: Chapter 2,10,1,2013-09-13
78,Jora 10 Numbaria,1,1,2017-09-01
79,The Firm,7,4,1993-06-30
80,Magic Mike XXL,4,4,2015-07-01
81,Stronger,7,1,2017-09-29
82,Jem and the Holograms,2,4,2015-10-23
83,Bring It On: In It to Win It,4,5,2007-12-18
84,Mark & Russell's Wild Ride,2,1,2015-11-23
85,Alien Abduction,10,2,2014-05-01
86,Shimmer Lake,5,2,2017-06-09
87,Home Invasion,5,5,2016-02-02
88,30 Minutes or Less,1,1,2011-08-12
89,An American Girl: McKenna Shoots for the Stars,7,5,2012-07-03
90,Rules of Engagement,7,3,2000-04-07
91,Concussion,7,4,2013-12-05
92,The Visit,10,2,2015-09-11
93,The Secret Scripture,7,4,2017-10-13
94,Capitalism: A Love Story,6,1,2009-10-02
95,Sharknado: The 4th Awakens,10,2,2016-07-31
96,American Pie Presents: The Naked Mile,4,5,2006-12-19
97,Spy Kids,1,3,2001-03-30
98,Fred 3: Camp Fred,4,5,2012-07-28
99,Traffik,1,2,2018-04-20
100,Despido Procedente,4,4,2017-06-30
101,Okja,1,4,2017-06-28
102,Love and Shukla,4,3,2018-01-06
103,Automata,1,2,2014-10-17
104,Carrie,10,2,1976-11-16
105,Our Lovers,4,2,2016-06-03
106,My Little Pony: The Movie,3,1,2017-10-06
107,The Adventures of Food Boy,4,4,2008-04-01
108,Chopsticks,4,4,2019-05-31
109,Faster,1,4,2010-11-24
110,Abzurdah,7,1,2015-06-04
111,Little Lunch: The Nightmare Before Graduation,4,5,NOT AVAILABLE
112,Midnight Special,7,2,2016-04-21
113,Hired Gun,6,2,2017-08-01
114,The Amazing Spider-Man 2,1,2,2014-05-02
115,Make It Happen,7,5,2008-08-08
116,Take the 10,4,3,2017-01-20
117,Love By Chance,4,3,2016-04-16
118,Bright,1,2,2017-12-22
119,Percentage,1,2,2014-04-24
120,Holiday: A Soldier Is Never Off Duty,1,4,2014-06-06
121,Extraction,1,2,2015-12-18
122,Django Unchained,7,3,2012-12-25
123,Miller's Crossing,5,5,1990-10-05
124,Chosen,7,3,2016-08-02
125,The Fate of the Furious,1,4,2017-04-14
126,Blow,5,1,2001-04-06
127,Looking Glass,13,2,2018-02-16
128,True Memoirs of an International Assassin,1,3,2016-11-11
129,The Longest Yard,4,3,2005-05-27
130,Ugly,5,2,2014-12-26
131,From Dusk Till Dawn 2: Texas Blood Money,5,4,1999-03-16
132,National Security,1,1,2003-01-17
133,War Machine,4,4,2017-05-26
134,Dirty Grandpa,4,5,2016-01-22
135,Now You See Me 2,1,3,2016-06-10
136,The Babysitter,7,3,1995-10-17
137,The Preacher's Son,7,4,2017-03-03
138,Killing Me Softly,7,5,2002-06-21
139,The Circle,7,4,2017-04-28
140,From Fat to Finish Line,6,2,2016-08-02
141,Girl Missing,17,4,2015-10-25
142,Seven Psychopaths,4,2,2012-10-12
143,The Giant,7,2,2017-10-20
144,How the Grinch Stole Christmas,4,1,2000-11-17
145,Runnin' Down a Dream,6,3,2007-10-14
146,Deepwater Horizon,1,2,2016-09-30
147,Sisters,4,5,2015-12-18
148,The Girl Who Played with Fire,5,3,2010-08-27
149,San Andreas,1,5,2015-05-29
150,Koi... Mil Gaya,1,3,2003-08-08
151,American Gangster,5,1,2007-11-02
152,How to Get Over a Breakup,4,2,2018-05-31
153,Set It Up,4,5,2018-06-15
154,The Dolphin,3,2,2009-10-08
155,Twisted,5,2,2004-02-27
156,Poltergeist III,10,5,1988-06-10
157,Temple,2,4,2017-09-01
158,Derren Brown: The Push,6,1,2015-11-08
159,The Martian,2,4,2015-10-02
160,A Christmas Detour,4,2,2015-11-28
161,Halo 4: Forward Unto Dawn,1,2,2012-10-05
162,Battle Royale,1,4,2000-12-16
163,The Accidental Husband,4,1,2008-02-29
164,Redcon-1,1,5,2019-05-03
165,Casper's Haunted Christmas,3,2,2000-10-31
166,Lusers,2,1,2015-10-01
167,Golden Years,1,2,2016-04-29
168,Captain Phillips,5,1,2013-10-11
169,Thief,1,4,1981-03-27
170,Friends with Kids,4,3,2012-03-16
171,Don't Kill It,1,5,2017-03-03
172,Nim's Island,2,5,2008-04-04
173,Veerappan,1,1,2016-05-27
174,Mother's Day,4,2,2016-04-29
175,Cloudy with a Chance of Meatballs 2,3,2,2013-09-27
176,District 9,1,4,2009-08-14
177,Hot Bot,4,4,2016-03-01
178,A Flying Jatt,1,3,2016-08-25
179,Diary of the Dead,9,4,2008-02-22
180,High Risk,1,5,1995-07-12
181,On Yoga The Architecture of Peace,6,3,2017-11-16
182,From Japan to Egypt,6,1,2017-01-06
183,Manhole,10,1,2014-10-08
184,Baby Mama,4,1,2008-04-25
185,Reclaim,1,3,2014-09-19
186,#realityhigh,4,3,2017-09-08
187,Sandy Wexler,14,1,NOT AVAILABLE
188,Silencer,1,3,2018-09-04
189,Larry Crowne,4,3,2011-07-01
190,Mission: Impossible II,1,1,2000-05-24
191,Off Course,4,3,2015-03-06
192,American Sniper,1,1,2015-01-16
193,Tope: The Bait,7,5,2016-09-01
194,The Seventh Sign,7,4,1988-04-01
195,A Walk Among the Tombstones,1,5,2014-09-19
196,The Hunter,2,1,2011-10-06
197,Natascha Kampusch: The Whole Story,6,1,NOT AVAILABLE
198,The Ides of March,7,1,2011-10-07
199,Full Out,7,1,2015-09-11
200,Bleach,1,5,2018-07-20
201,Foo Fighters: Back and Forth,6,4,2011-04-05
202,The Hunger Games: Catching Fire,1,1,2013-11-22
203,Aquarius,7,5,2016-09-01
204,Jay and Silent Bob Strike Back,4,1,2001-08-24
205,Quarantine,1,1,2008-10-10
206,Land of the Lost,1,3,2009-06-05
207,50/50,4,1,2011-09-30
208,Saved!,4,4,2004-06-11
209,The Humanity Bureau,1,4,2018-04-06
210,You Don't Mess with the Zohan,4,5,2008-06-06
211,Genghis Khan,2,2,1965-06-23
212,The Mummy: Tomb of the Dragon Emperor,1,2,2008-08-01
213,The Good Night,4,3,2008-01-18
214,Vicky Cristina Barcelona,4,3,2008-08-15
215,Son of Alladin,10,5,NOT AVAILABLE
216,Transporter 3,1,1,2008-11-26
217,Pitch Perfect 2,4,5,2015-05-15
218,Dragons: Dawn of the Dragon Racers,3,1,2014-11-11
219,Tamanchey,5,3,2014-10-10
220,The Tourist,1,2,2010-12-10
221,I Am Wrath,1,1,2016-04-15
222,Fittest on Earth: The Story of the 2015 Reebok CrossFit Games,6,4,2016-02-23
223,David Bowie: Five Years,6,5,2013-05-25
224,Air Bud: Spikes Back,4,4,2003-06-24
225,Ukraine Is Not a Brothel,6,4,2016-03-08
226,I'll Be Home for Christmas,7,5,2016-11-27
227,Sicario: Day of the Soldado,1,3,2018-06-29
228,The Magnificent Seven,1,2,2016-09-23
229,A Witches' Ball,8,2,2018-10-01
230,Impostor,7,3,2002-01-04
231,Teefa in Trouble,1,2,2018-07-20
232,Sex Doll,17,4,2017-02-10
233,Love Per Square Foot,4,1,2018-02-14
234,The Transporter Refueled,1,1,2015-09-04
235,The Twilight Saga: Breaking Dawn: Part 2,2,4,2012-11-16
236,Santa Claws,8,2,2015-12-03
237,Mountain Men,4,1,2016-01-29
238,Louis Theroux: The City Addicted to Crystal Meth,6,2,2009-08-09
239,Joey,8,4,1997-12-26
240,I Feel Pretty,4,5,2018-04-20
241,Terminus,7,2,2016-01-22
242,Elle,5,4,2016-11-11
243,Meet the Blacks,4,3,2016-04-01
244,Tracers,1,2,2015-03-20
245,Bottom of the World,7,3,2017-03-01
246,Takers,1,3,2010-08-27
247,Open Season,3,4,2006-09-29
248,Rise of the Guardians,3,2,2012-11-21
249,Savage Dog,1,1,2017-08-04
250,Oblivion,1,4,2013-04-19
251,Sierra Burgess Is A Loser,4,4,2018-09-07
252,Chappie,1,2,2015-03-06
253,Monster: The Josef Fritzl Story,6,4,NOT AVAILABLE
254,Three,1,4,2016-06-24
255,Say When,4,5,2014-10-24
256,Peter Pan,2,2,2003-12-25
257,T2 Trainspotting,7,3,2017-03-31
258,The Patriot,1,2,2000-06-28
259,We're Back! A Dinosaur's Story,3,3,1993-11-24
260,How to Make Love Like an Englishman,4,4,2015-08-21
261,21,5,2,2008-03-28
262,ReMastered: Devil at the Crossroads,6,1,2019-04-26
263,Violet & Daisy,1,2,2013-06-06
264,Bait,7,2,2015-09-04
265,Restrepo,6,1,2010-08-06
266,Colours of Passion,7,1,2014-11-07
267,Patriots Day,1,2,2017-01-13
268,IBOY,1,1,2017-01-27
269,Divines,5,3,2016-11-18
270,The Ridiculous 6,1,5,2015-12-11
271,Supernova,10,1,2000-01-14
272,The Guardian Brothers,3,2,2016-01-01
273,Wind River,5,4,2017-08-18
274,Nell,7,1,1994-12-23
275,Kidnap,1,3,2017-08-04
276,Pitch Black,1,2,2000-02-18
277,Banking on Bitcoin,6,2,NOT AVAILABLE
278,The Twilight Saga: Breaking Dawn: Part 1,2,1,2011-11-18
279,Jack Reacher,1,5,2012-12-21
280,Get Me Roger Stone,6,1,2017-05-12
281,Layer Cake,1,1,2005-06-03
282,The Guilt Trip,4,3,2012-12-19
283,Return to Sender,7,3,2015-08-14
284,The Laws of Thermodynamics,4,4,2018-08-31
285,The Legend of 420,6,3,2017-09-20
286,That Awkward Moment,4,4,2014-01-31
287,Cropsey,6,3,2009-04-25
288,Annihilation,2,2,2018-02-23
289,Our House,7,3,2018-07-27
290,The Worthy,1,4,2017-02-23
291,Little Fockers,4,1,2010-12-22
292,Grimsby,1,2,2016-03-11
293,Back to the Future,2,1,1985-07-03
294,Couples Retreat,4,4,2009-10-09
295,Babes in Toyland,2,3,1986-12-19
296,Money,5,2,2017-06-27
297,Because We're Heading Out,4,4,2016-09-08
298,The Boss's Daughter,4,2,2016-01-06
299,Divergent,1,5,2014-03-21
300,Mubarakan,4,4,2017-07-28
301,Eyyvah Eyyvah 3,4,1,2014-01-31
302,Driven to Kill,1,4,2009-05-19
303,The Bad Education Movie,4,4,2015-08-21
304,Seduced,7,3,2016-04-20
305,A Futile and Stupid Gesture,4,1,2018-01-26
306,6 Souls,10,2,2013-03-01
307,A Weekend with the Family,4,4,2016-04-01
308,Pyaar Ka Punchnama 2,4,5,2015-10-16
309,Date with Love,4,2,2016-05-21
310,The Art of Loving,4,1,2017-01-27
311,Fast Five,1,3,2011-04-29
312,Concussion,7,1,2015-12-25
313,John Wick,1,5,2014-10-24
314,American Experience: Tesla,6,1,2016-10-18
315,Madagascar 3: Europe's Most Wanted,3,5,2012-06-08
316,Adventureland,4,3,2009-04-03
317,Harold & Kumar Go to White Castle,2,4,2004-07-30
318,The Doll,10,1,2019-01-15
319,Trainwreck,4,5,2015-07-17
320,Soorma,7,1,2018-07-13
321,Schindler's List,7,1,1994-02-04
322,Floating!,4,5,2016-01-07
323,Ip Man,1,1,2008-12-12
324,A Scandall,17,3,2016-06-24
325,Revolt,1,4,2017-07-01
326,Colors of Heaven,4,1,NOT AVAILABLE
327,Zoolander 2,1,1,2016-02-12
328,Ella Enchanted,4,3,2004-04-09
329,What We Did on Our Holiday,4,3,2015-07-10
330,The Chosen Ones,7,1,2016-01-20
331,Kung Fu Panda,3,3,2008-06-06
332,Gangs of New York,5,4,2002-12-20
333,B.A. Pass 2,7,2,2017-09-15
334,Maid in Manhattan,4,3,2002-12-13
335,Bee Movie,3,4,2007-11-02
336,Stasis,1,3,2017-08-29
337,211,1,5,2018-06-08
338,The Hitman's Bodyguard,1,1,2017-08-18
339,Iron Man 2,1,2,2010-05-07
340,Welcome to Yesterday,7,5,2015-01-30
341,Duck Butter,4,2,2018-04-27
342,Barbie Dolphin Magic,3,2,2017-09-18
343,The Guest House,14,5,2012-09-04
344,The Blackcoat's Daughter,10,3,2017-02-16
345,"Angus, Thongs and Perfect Snogging",4,5,2008-07-25
346,Bridge to Terabithia,7,3,2007-02-16
347,One Night,7,2,NOT AVAILABLE
348,Europa Report,7,4,2013-06-27
349,Happy Christmas,4,4,2014-06-26
350,Baazaar,5,5,2018-10-26
351,Changing Lanes,7,3,2002-04-12
352,The Wolf of Wall Street,5,1,2013-12-25
353,Bokeh,7,2,2017-03-24
354,The Best Offer,5,5,2014-01-01
355,Battle Drone,1,2,2018-03-01
356,A Christmas Horror Story,9,2,2015-10-02
357,Lucid Dream,15,2,2017-06-02
358,A Knight's Tale,1,2,2001-05-11
359,BoJack Horseman Christmas Special: Sabrina's Christmas Wish,3,3,2014-12-19
360,Spring Breakers,5,4,2013-03-22
361,Kill Bill: Vol. 1,1,4,2003-10-10
362,Inferno,1,5,2016-10-28
363,Omar and Salma 3,4,4,2012-02-23
364,Sundown,1,1,2016-05-13
365,Nasha,7,2,2013-07-26
366,Cocaine Cowboys,6,2,2007-11-23
367,Uptown Girls,4,1,2003-08-15
368,Ms. Matched,4,5,2016-06-04
369,Mac & Devin Go to High School,4,4,2012-07-03
370,The Other Side of the Door,10,3,2016-03-04
371,Warm Bodies,4,2,2013-02-01
372,The Road,7,5,2009-11-25
373,Theater of Life,6,4,2016-10-10
374,Screwed,5,2,2011-06-03
375,Deadpool,1,3,2016-02-12
376,Alvin and the Chipmunks: The Road Chip,3,4,2015-12-18
377,The Purge,10,2,2013-06-07
378,Leap!,3,1,2017-08-25
379,The Lazarus Effect,10,4,2015-02-27
380,Fast & Furious 6,1,1,2013-05-24
381,X: Past Is Present,7,2,2015-11-20
382,Holy Goalie,4,4,2018-04-27
383,Garbage,7,2,2018-05-20
384,OtherLife,5,5,2017-10-15
385,Beyond Borders,2,4,2003-10-24
386,The Interview,1,2,2014-12-24
387,The Expendables 3,1,1,2014-08-15
388,The Fast and the Furious,1,4,2001-06-22
389,Henry Gamble's Birthday Party,7,2,2016-01-08
390,Check Point,1,3,2017-01-20
391,Icarus,6,5,2017-08-04
392,The Miseducation of Cameron Post,7,3,2018-09-07
393,Need for Speed,1,3,2014-03-14
394,The Rewrite,4,3,2015-02-13
395,Victor Frankenstein,7,2,2015-11-25
396,Escorts,6,5,2015-05-21
397,"Alexander and the Terrible, Horrible, No Good, Very Bad Day",4,5,2014-10-10
398,After Porn Ends,6,2,2012-05-21
399,The Guv'nor,6,1,2016-10-05
400,Blow Out,5,5,1981-07-24
401,6 Days,1,2,2017-08-18
402,Irreplaceable You,4,2,2018-02-16
403,The Killer,19,4,2017-11-10
404,Honey 2,4,5,2011-08-01
405,The Perks of Being a Wallflower,7,4,2012-10-12
406,Luck,1,2,2009-07-31
407,50 First Dates,4,4,2004-02-13
408,Power Rangers Super Megaforce: The Legendary Battle (Extended),1,5,2014-11-22
409,Pehchaan: The Face of Truth,7,3,2005-06-24
410,The 6th Day,1,4,2000-11-17
411,Endless Love,7,3,2014-02-14
412,When the Bough Breaks,5,3,2016-09-09
413,Creep 2,10,3,2017-10-24
414,Chalk It Up,4,3,2016-09-13
415,When We First Met,4,3,2018-02-09
416,The Keep,7,3,1983-12-16
417,The Bomb,6,3,2017-08-01
418,World War Z,1,3,2013-06-21
419,The Holiday,4,2,2006-12-08
420,Assassin's Creed,1,4,2016-12-21
421,Closer,7,2,2004-12-03
422,The Smurfs 2,3,4,2013-07-31
423,"Abdullah, The Final Witness",1,4,2016-10-28
424,Nick of Time,1,3,1995-11-22
425,"Mum, Dad, Meet Sam",4,1,2014-12-06
426,Lens,7,5,NOT AVAILABLE
427,Max Steel,1,5,2016-10-14
428,Mary Kom,1,1,2014-09-05
429,Errementari: The Blacksmith and the Devil,9,2,2018-10-12
430,The Wailing,10,2,2016-06-03
431,A Good Marriage,5,4,2014-10-03
432,By the Sea,7,5,2015-12-09
433,Agent Cody Banks 2: Destination London,1,5,2004-03-12
434,Alpha Dog,5,1,2007-01-12
435,Fight Club,7,2,1999-10-15
436,Eddie the Eagle,4,1,2016-02-26
437,3 Türken & ein Baby,4,4,2018-03-16
438,The Right One,7,3,2011-12-11
439,The Shallows,7,3,2016-06-24
440,Total Recall,1,2,2012-08-03
441,Lone Survivor,1,1,2014-01-10
442,Mercy,7,1,2016-11-22
443,Q20971251,4,2,2015-08-20
444,The Holcroft Covenant,1,1,1985-10-18
445,Harlock: Space Pirate,3,5,2014-08-01
446,Jigsaw,4,5,2017-10-27
447,The Young Offenders,2,4,2016-09-16
448,The Intent,5,3,2016-07-29
449,Fighting,1,2,2009-04-24
450,"I Love You, Man",4,5,2009-03-20
451,Dark Places,5,4,2015-06-18
452,In a Relationship,4,5,2018-04-20
453,Precious Puppies,6,1,NOT AVAILABLE
454,Office Christmas Party,4,3,2016-12-09
455,RV,2,1,2006-04-28
456,The Huntsman: Winter's War,1,4,2016-04-22
457,Obsessed,7,2,2009-04-24
458,16 and Missing,17,1,2015-10-24
459,No Escape,1,1,2015-08-26
460,Black Dynamite,1,3,2010-01-13
461,Spike Island,4,2,2015-05-08
462,Eye for an Eye,5,5,1996-01-12
463,The Krays: The Myth Behind the Legend,6,4,2015-09-14
464,The Party,4,2,2018-02-16
465,SPF-18,7,4,2017-09-29
466,The Motive,4,3,2017-11-17
467,Kid Cannabis,4,1,2014-04-18
468,Barely Lethal,1,2,2015-04-30
469,Insan,1,5,2005-01-14
470,Hitler's Steel Beast,6,3,NOT AVAILABLE
471,Us and Them,5,3,2018-03-16
472,Spectral,1,3,2016-12-09
473,The Baby-Sitters Club,4,1,1995-08-18
474,The Colony,1,3,2013-09-20
475,Barakah Meets Barakah,4,5,2016-09-08
476,Michael Inside,7,4,2018-04-06
477,Deewaar,1,3,2004-06-25
478,The Night Eats the World,7,3,2018-07-13
479,Honeymoon From Hell,10,1,2016-07-16
480,Lady-Like,4,2,2019-01-18
481,Urge,17,4,2016-06-03
482,Tower Heist,1,3,2011-11-04
483,Beauty and the Beast,8,1,2017-03-17
484,Sing,3,1,2016-12-21
485,Appropriate Behavior,4,4,2015-01-16
486,Contract,1,3,2008-07-18
487,We Need to Talk,4,5,2016-02-26
488,Bare,7,2,2015-10-30
489,Big Momma's House 2,4,4,2006-01-27
490,Paul,2,4,2011-03-18
491,The BFG,2,1,2016-07-01
492,Did You Hear About the Morgans?,4,3,2009-12-18
493,Killer App,17,2,2017-03-21
494,Angry Indian Goddesses,4,2,2015-12-04
495,Blind Date,4,1,2015-05-06
496,Diving into the Unknown,6,2,2016-02-19
497,Bright Night,7,3,2018-12-25
498,The Girl with All the Gifts,1,5,2017-01-26
499,Halo: The Fall of Reach,3,4,2015-10-27
500,Heroin(e),6,2,2017-09-12
501,Romantik Komedi,4,1,2010-02-05
502,Monsters: Dark Continent,1,1,2015-04-17
503,Gaga: Five Foot Two,6,1,2017-09-22
504,James and the Giant Peach,3,3,1996-04-12
505,I'm in Love with a Church Girl,5,3,2013-12-06
506,Hold the Dark,1,4,2018-09-28
507,Gandu,7,1,2010-10-29
508,Boyka: Undisputed,1,2,2017-07-27
509,Horrible Bosses 2,4,2,2014-11-26
510,Pee-wee's Big Holiday,4,2,2016-03-18
511,Ashby,4,1,2015-09-25
512,The Grudge,10,2,2004-10-22
513,Evidence of Blood,7,3,1998-04-13
514,The First Time,4,3,2013-02-07
515,Bilu Rakkhosh,7,1,NOT AVAILABLE
516,The Zero Theorem,4,2,2014-08-19
517,The Princess Switch,4,5,2018-11-16
518,David vs. Goliath: Battle of Faith,14,2,NOT AVAILABLE
519,Sand Castle,1,5,2017-04-21
520,8 Mile,7,5,2002-11-08
521,Mission Control: The Unsung Heroes of Apollo,6,2,2017-03-14
522,2020-07-22 00:00:00,5,2,2018-10-10
523,WarGames,1,3,1983-06-03
524,Shahid,7,1,2013-10-18
525,Ouija: Origin of Evil,7,5,2016-10-21
526,Bad Teacher,4,1,2011-06-24
527,Bruno and Boots: Go Jump in the Pool,8,3,2016-04-01
528,Brij Mohan Amar Rahe,4,4,NOT AVAILABLE
529,Fury,1,5,2014-10-17
530,Fifty,7,5,2015-12-18
531,The Ballad of Buster Scruggs,4,1,2018-11-09
532,The Man from Nowhere,1,1,2010-08-05
533,Machine Gun Preacher,1,1,2011-11-02
534,Bram Stoker's Dracula,10,4,1992-11-13
535,The Age of Adaline,7,1,2015-04-24
536,The Night Comes for Us,1,1,2018-10-19
537,The Last Witch Hunter,1,3,2015-10-23
538,Into the Woods,2,1,2014-12-25
539,Happy New Year,1,2,2014-10-24
540,Underworld: Blood Wars,1,4,2017-01-06
541,Rush Hour 3,1,4,2007-08-10
542,A Hologram for the King,4,2,2016-04-28
543,Haider,1,3,2014-10-02
544,American Honey,7,3,2016-10-14
545,Malibu Rescue,1,5,2019-05-13
546,Death Race,1,5,2008-08-22
547,Maximum Conviction,1,3,2013-01-12
548,American Poltergeist,10,5,2015-05-29
549,Dream Boat,6,3,2017-07-13
550,My Sex Robot,6,1,NOT AVAILABLE
551,Naked,15,5,NOT AVAILABLE
552,Amar,7,3,2017-04-21
553,Twilight,7,2,2008-11-21
554,Feel Rich,6,2,2017-05-23
555,What the Health,6,3,2017-03-07
556,The Break-Up,4,2,2006-06-02
557,Hoodwinked!,3,2,2006-01-13
558,Addicted to Sexting,6,5,2015-11-17
559,Skiptrace,1,1,2016-09-02
560,Filmistaan,4,3,2014-06-06
561,He Even Has Your Eyes,4,3,2017-01-18
562,Zambezia,3,1,2012-12-28
563,The Devil's Double,7,1,2011-09-08
564,Hitman: Agent 47,1,4,2015-08-21
565,Sydney White,4,3,2007-09-21
566,Jurassic World,1,5,2015-06-12
567,NOVA: Inside Einstein's Mind,6,1,2015-11-25
568,Final Portrait,4,1,2018-03-23
569,Burn Out,1,2,2019-03-01
570,Beyond the Clouds,7,2,2018-04-20
571,2 States,4,5,2014-04-18
572,Derren Brown: Sacrifice,18,5,2018-10-19
573,The Hateful Eight,5,5,2015-12-30
574,Northmen - A Viking Saga,1,2,2014-10-23
575,Minor Details,2,2,2009-02-05
576,Dig Two Graves,7,4,2017-03-24
577,Mowgli: Legend of the Jungle,2,3,2018-12-07
578,Father of the Year,4,4,2018-07-20
579,The Legend of Michael Mishra,4,3,2016-08-05
580,Operation Finale,7,1,2018-08-29
581,The Ring Two,10,2,2005-03-18
582,Bioscope,7,3,2015-07-17
583,Aileen: Life and Death of a Serial Killer,6,4,2003-11-21
584,Breakout,1,3,2013-09-17
585,Green Room,10,5,2016-05-13
586,ABCD 2,7,1,2015-06-19
587,Pandemic,1,5,2016-04-01
588,Fahrenheit 9/11,6,5,2004-06-25
589,Kill For Me,7,4,2013-02-12
590,All Stars,4,4,2013-05-03
591,Strange Magic,3,3,2015-01-23
592,The Little Girl Who Lives Down the Lane,7,2,1977-01-26
593,Christmas Inheritance,4,1,2017-12-15
594,Godzilla,1,2,1998-05-20
595,Zapped,4,4,2014-06-23
596,Killer Klowns from Outer Space,4,4,1988-05-27
597,Battle,7,5,2018-09-28
598,Holiday Joy,4,5,2016-12-08
599,Norm of the North,3,1,2016-01-15
600,Hotel for Dogs,4,4,2009-01-16
601,Criminal Law,5,3,1989-04-28
602,Il giovane favoloso,7,1,2014-10-16
603,Clinical,10,1,2017-01-13
604,Trollhunter,7,5,2010-10-29
605,Running for Grace,8,5,2018-08-17
606,Pygmies: The Children of the Jungle,6,4,2011-12-03
607,The Darkest Hour,1,1,2011-12-25
608,13,5,3,2010-03-01
609,"What Happened, Miss Simone?",6,1,2015-06-24
610,Looper,1,1,2012-09-28
611,Scary Movie,4,4,2000-07-07
612,Miss India America,4,2,2016-03-24
613,The Blues Brothers,2,3,1980-06-20
614,Race,7,1,2016-02-19
615,Notting Hill,4,3,1999-05-28
616,Ascharyachakit!,7,4,2018-12-19
617,Dayveon,7,5,2017-09-27
618,Q27703687,5,3,2016-01-15
619,Deha,14,5,NOT AVAILABLE
620,The Basement,10,5,2020-04-01
621,Meet The Firm: Revenge In Rio,16,2,NOT AVAILABLE
622,Apt Pupil,5,2,1998-10-23
623,A Quiet Passion,7,1,2017-04-07
624,Candy Jar,4,5,2018-04-27
625,The Saint,1,3,2017-07-11
626,Triple 9,1,5,2016-02-26
627,You Get Me,5,3,2017-06-23
628,The Numbers Station,1,1,2013-04-26
629,The Losers,1,1,2010-04-23
630,Boy Bye,7,2,NOT AVAILABLE
631,Sarajevo,7,2,NOT AVAILABLE
632,BLAME!,6,2,NOT AVAILABLE
633,I Kill Giants,7,3,2018-03-23
634,Fifty Shades Darker,7,5,2017-02-10
635,Abducted,1,1,2014-03-17
636,3 Days to Kill,1,4,2014-02-21
637,Spaceballs,2,2,1987-06-24
638,Print the Legend,6,1,2014-09-26
639,Inglourious Basterds,2,4,2009-08-21
640,The Vault,5,4,2017-09-01
641,Maroon,17,3,NOT AVAILABLE
642,Legally Blonde,4,4,2001-07-13
643,Deep Web,6,4,2015-11-21
644,El Clan,5,1,2015-08-13
645,Hell and Back,3,2,2015-10-02
646,Cloverfield,1,3,2008-01-18
647,Slow TV: Northern Railway,8,4,NOT AVAILABLE
648,From Dusk till Dawn (franchise),11,1,NOT AVAILABLE
649,Warrior,1,3,2011-09-09
650,The Invisible Guardian,5,5,2017-08-03
651,44034,6,2,NOT AVAILABLE
652,Magic Mike,4,4,2012-06-29
653,Bright,9,4,NOT AVAILABLE
654,The Bombing,1,4,2018-10-26
655,The Last Heist,1,4,2016-06-17
656,Mad Max: Fury Road,1,3,2015-05-15
657,Fair Game,7,1,2010-12-03
658,Minimalism: A Documentary About the Important Things,6,4,NOT AVAILABLE
659,Naomi and Ely's No Kiss List,4,3,2015-09-18
660,Aashayein,7,1,2010-08-27
661,Magnus,6,1,2016-11-18
662,Fifty Shades of Black,4,4,2016-01-29
663,Forever My Girl,7,2,2018-01-19
664,Jessabelle,7,3,2014-11-07
665,XXX: State of the Union,1,2,2005-04-29
666,The Dorm,10,5,2015-11-02
667,The Substitute,1,3,1996-04-19
668,Kickboxer: Vengeance,1,3,2016-09-01
669,Mr. Brooks,5,5,2007-06-01
670,Max 2: White House Hero,8,5,2017-05-12
671,Siberia,5,3,2018-07-13
672,Matilda,4,1,1996-08-02
673,Don't Be a Menace to South Central While Drinking Your Juice in the Hood,4,5,1996-01-12
674,The Flintstones,4,2,1994-05-27
675,Big Stan,1,5,2008-06-06
676,Resident Evil: Afterlife,1,5,2010-09-10
677,Men in Black 3,1,2,2012-05-25
678,Envy,4,2,2004-04-30
679,Bridesmaids,4,3,2011-05-13
680,Sufi Soul: The Mystic Music of Islam,6,5,2005-11-06
681,Twinsanity,10,4,2018-04-12
682,Jumanji,2,1,1995-12-15
683,Starship Troopers: Invasion,3,5,2012-07-21
684,Personal Shopper,7,2,2017-03-10
685,Countdown to Death: Pablo Escobar,6,5,NOT AVAILABLE
686,Food Choices,6,2,2016-09-02
687,Pompeii,1,2,2014-02-21
688,And Breathe Normally,7,1,2019-01-04
689,Couples Counseling,4,1,2016-12-08
690,Scary Movie 3,4,1,2003-10-24
691,Safe,1,1,2012-04-27
692,Petta (Telugu Version),11,5,NOT AVAILABLE
693,Ouija,10,5,2014-10-24
694,Doctor Strange,1,1,2016-11-04
695,Acts of Violence,1,1,2018-01-12
696,That Girl in Yellow Boots,5,1,2011-09-02
697,Holy Camp!,12,2,2017-09-29
698,Alice Through the Looking Glass,2,4,2016-05-27
699,Life,10,4,2017-03-24
700,Caida del Cielo,4,3,2016-05-12
701,Nymphomaniac: Volume II,7,1,2014-03-20
702,The Adventures of Sharkboy and Lavagirl,1,1,2005-06-10
703,Avengers: Age of Ultron,1,4,2015-05-01
704,The Five-Year Engagement,4,1,2012-04-27
705,After the Ball,4,2,2015-04-24
706,Trolls Holiday Special,3,1,2017-11-24
707,Bachelorette,4,1,2012-09-06
708,The Invitation,7,1,2016-04-08
709,Sanju,7,1,2018-06-29
710,Mirror Mirror,2,2,2012-03-30
711,Teenage Mutant Ninja Turtles: Out of the Shadows,1,3,2016-06-03
712,Jennifer 8,5,1,1992-11-06
713,Volcano,1,2,1997-04-25
714,Power Rangers,1,2,2017-03-24
715,Ted,4,5,2012-06-29
716,Triple Frontier,1,4,2019-03-13
717,The Goonies,2,2,1985-06-07
718,Hurricane Bianca,4,4,2016-09-19
719,Watchmen,1,1,2009-03-06
720,The Punisher,1,2,2004-04-16
721,Batman v Superman: Dawn of Justice,1,5,2016-03-25
722,Fifty Shades of Grey,7,1,2015-02-13
723,The Finest Hours,1,2,2016-01-29
724,Winx Club: The Mystery of the Abyss,3,3,2014-10-01
725,Patterns of Evidence: Exodus,6,2,2015-01-19
726,Redirected,1,4,2014-01-10
727,Face 2 Face,10,2,2016-02-10
728,The Adjustment Bureau,14,1,2011-03-04
729,The Pit,6,2,2009-10-22
730,Shrooms,4,1,2007-11-23
731,Never Back Down,1,2,2008-03-14
732,Knocked Up,4,1,2007-06-01
733,Kill Bill: Vol. 2,1,2,2004-04-16
734,Wanted,1,5,2008-06-27
735,Long Nights Short Mornings,7,3,2017-01-24
736,Couple of Days,7,4,2016-02-05
737,Bridge of Spies,7,2,2015-10-16
738,Street Kings,1,1,2008-04-11
739,The Little Mermaid,2,1,2018-08-17
740,Igor,3,1,2008-09-19
741,Living on One Dollar,6,5,2013-04-13
742,Secrets of the Tower of London,5,5,2014-05-15
743,Fantastic Mr. Fox,3,3,2009-11-25
744,Locked Down,1,4,2010-11-09
745,Tony Robbins: I Am Not Your Guru,6,5,2016-07-15
746,Your Highness,2,3,2011-04-08
747,Shrek the Third,3,2,2007-05-18
748,Captain America: Civil War,1,5,2016-05-06
749,Love and Mercy,7,1,2015-06-19
750,Rugrats in Paris: The Movie,3,1,2000-11-17
751,The Love Punch,4,1,2014-05-23
752,The Do-Over,1,1,2016-05-27
753,Ishqiya,4,2,2010-01-29
754,Sky Line,6,1,2015-11-20
755,3096 Days,5,1,2013-02-28
756,Guru,7,1,2007-01-12
757,Coin Heist,5,4,2017-01-06
758,The Photographer Of Mauthausen,7,1,2018-10-26
759,We Are Family,7,3,2010-09-10
760,Beach Rats,7,1,2018-01-25
761,Gothika,10,5,2003-11-21
762,The Breakfast Club,4,3,1985-02-15
763,Chicken Run,3,1,2000-06-23
764,Broken City,1,2,2013-01-18
765,Queen,2,5,2014-03-07
766,Momentum,1,1,2015-10-16
767,Synchronicity,7,4,2016-01-22
768,When a Stranger Calls,10,2,2006-02-03
769,Meet the Small Potatoes,8,5,2013-04-01
770,Harriet the Spy,4,2,1996-07-10
771,Love the Coopers,4,4,2015-11-13
772,Cartel Land,6,4,2015-07-03
773,Rio 2,3,3,2014-04-11
774,Raising Arizona,4,5,1987-04-17
775,Stargate,1,4,1994-10-28
776,Ant-Man,1,1,2015-07-17
777,The Blind Christ,7,1,2017-04-13
778,Arrival,7,2,2016-11-11
779,Sex Tape,4,5,2014-07-18
780,We're the Millers,4,5,2013-08-07
781,Fittest on Earth: A Decade of Fitness,6,5,2017-03-17
782,To the Bone,7,1,2017-07-14
783,Nativity!,4,2,2009-11-27
784,Jago: A Life Underwater,6,4,2017-05-25
785,Zombieland,2,4,2009-10-02
786,26 Years,7,3,2012-11-29
787,Jonas,7,1,2016-10-27
788,Cam,10,1,2018-11-16
789,Anatomy of a Love Seen,7,2,2014-07-18
790,London Heist,1,1,2017-07-17
791,Captain America: The Winter Soldier,1,5,2014-04-04
792,The Birth of Saké,6,1,2016-03-18
793,47 Ronin,1,3,2013-12-25
794,40 Days and 40 Nights,4,3,2002-03-01
795,Uncle Nick,4,1,2015-12-04
796,Step Outside,4,3,2018-02-15
797,Lolita,7,3,1998-09-25
798,Men in Black II,1,5,2002-07-03
799,Hisss,4,3,2010-10-22
800,Black Hawk Down,7,2,2002-01-18
801,Everly,1,5,2015-01-23
802,Identity,13,2,2003-04-25
803,The Twilight Saga: New Moon,2,1,2009-11-20
804,Seven,5,2,1995-09-22
805,Sex and the City 2,4,3,2010-05-27
806,Selfless,1,1,2015-07-10
807,The Watcher,10,3,2016-11-03
808,The Wandering Earth,1,1,2019-02-05
809,MI-5,1,3,2015-05-08
810,Everest,1,1,2015-09-25
811,Freddy vs. Jason,1,1,2003-08-15
812,Ugly Aur Pagli,4,1,2008-08-01
813,Daddy Day Care,4,1,2003-05-09
814,Robin Hood: Prince of Thieves,1,3,1991-06-14
815,Their Finest,4,5,2017-04-07
816,What Happens in Vegas,4,3,2008-05-09
817,Rishtey,1,2,2002-12-06
818,Polar,1,3,2019-01-25
819,Sidetracked,4,4,2015-01-30
820,Barbie: Happy Birthday to You!,1,1,NOT AVAILABLE
821,Shooter,1,3,2007-03-23
822,The Other Woman,4,3,2014-04-25
823,The Good Neighbor,5,5,2017-08-14
824,Dark Chocolate (Bengali Version),5,3,2016-09-02
825,Robin Hood,1,2,2010-05-14
826,Loving Annabelle,7,3,2007-05-24
827,The Bad Batch,7,1,2017-06-23
828,Hanna,1,5,2011-04-08
829,Blackfish,6,3,2013-07-26
830,Shock Wave,1,4,2017-05-05
831,The Wannabe,5,3,2015-12-04
832,The Rage: Carrie 2,10,1,1999-03-12
833,Special 26,5,1,2013-02-08
834,The Standoff,4,1,2016-09-20
835,The Pledge,5,3,2001-01-19
836,Spectre,1,4,2015-11-06
837,Drive,5,1,2011-09-16
838,Inside Man,5,5,2006-03-24
839,Resident Evil,1,1,2002-03-15
840,You Laugh But It's True,6,1,2013-12-13
841,Tell Spring Not to Come This Year,6,4,2015-11-13
842,What Happened to Monday,15,3,NOT AVAILABLE
843,Season of the Witch,1,4,2011-01-07
844,Hamza's Suitcase,4,4,2017-08-31
845,Hungerford,10,1,2018-04-15
846,Crimenes de Lujuria,17,1,2011-01-25
847,Anthropoid,1,1,2016-09-09
848,Whiskey Tango Foxtrot,4,1,2016-03-04
849,Kill the Messenger,5,1,2014-10-09
850,Ride Along,1,1,2014-01-17
851,The Awakening,10,1,2011-11-11
852,Chandani: The Daughter of the Elephant Whisperer,6,1,2010-11-04
853,Churchill,7,1,2017-06-02
854,Hunger,7,1,2008-10-31
855,Hot Fuzz,1,4,2007-04-20
856,The Domestics,1,3,2018-06-29
857,Megamind,3,3,2010-11-05
858,Girl in Progress,4,5,2012-08-10
859,13 Going on 30,4,5,2004-04-23
860,Manje Bistre,4,2,2017-04-14
861,How to Plan an Orgy in a Small Town,4,2,2016-05-13
862,The Wiggles: Dial E for Emma,8,2,2016-10-05
863,Sky Ladder: The Art of Cai Guo-Qiang,6,3,2016-10-14
864,Escape from Alcatraz,1,1,1979-06-22
865,Scary Movie 2,4,1,2001-07-04
866,Born to Raise Hell,1,2,2010-12-11
867,Be Somebody,4,1,2016-06-10
868,L!fe Happens,4,1,2012-04-13
869,It's Now or Never,4,2,2015-06-19
870,Pride,4,1,2014-09-12
871,The Witches,2,5,1990-08-24
872,The Seven Five,6,1,2015-05-08
873,The Man in the Iron Mask,1,2,1998-03-13
874,Pulp Fiction,5,5,1994-10-14
875,The Rundown,1,1,2003-09-26
876,The Search for Life in Space,6,1,2016-10-21
877,Are We Done Yet?,4,2,2007-04-04
878,Josie and the Pussycats,4,3,2001-04-11
879,The Pirates! In an Adventure with Scientists!,3,2,2012-04-27
880,Innocence,9,5,2016-01-11
881,The Beyond,7,2,2018-01-09
882,In Bruges,4,4,2008-02-29
883,Spread,4,4,2009-07-08
884,The Emoji Movie,3,4,2017-07-28
885,The Cured,7,1,2018-02-23
886,Rush: Beyond the Lighted Stage,6,1,2010-04-24
887,Taken 3,1,3,2015-01-09
888,Lift Me Up,8,2,2015-10-04
889,Satanic,10,5,2016-07-01
890,"Legally Blonde 2: Red, White & Blonde",4,1,2003-07-02
891,The Meyerowitz Stories (New and Selected),4,5,2017-10-13
892,The Ruthless,5,3,2019-04-08
893,1000 Rupee Note,7,3,2016-09-23
894,Jack Reacher: Never Go Back,1,3,2016-10-21
895,You're Everything To Me,18,3,NOT AVAILABLE
896,The Bodyguard,1,1,2016-04-01
897,White House Down,1,2,2013-06-28
898,Gangsta Granny,4,3,2013-12-26
899,Viral,7,3,2016-07-29
900,Bodyguards and Assassins,1,2,2009-12-18
901,I Know What You Did Last Summer,10,3,1997-10-17
902,Beats,7,2,2019-06-19
903,Like Water for Chocolate,7,2,1993-05-28
904,Ice Age: The Meltdown,3,2,2006-03-31
905,Balu Mahi,2,1,2017-02-10
906,Selma,7,1,2015-01-09
907,Under the Mountain,2,1,2009-12-10
908,Generation Iron 3,6,1,2018-12-07
909,Rock My Heart,7,4,2019-06-07
910,Mothers and Daughters,7,5,2016-05-06
911,Act of Valor,1,5,2012-02-24
912,"The Wiggles: Go, Santa, Go!",8,1,2014-10-14
913,Bruno,4,4,2009-07-10
914,The Forger,5,2,2015-04-24
915,Puss in Book: Trapped in an Epic Tale,3,4,2017-06-20
916,Nazi Concentration Camps,6,2,2017-04-22
917,Alone in Berlin,7,2,2017-01-13
918,Franca: Chaos and Creation,6,1,2017-09-23
919,Hondros,6,1,2017-04-21
920,Expelled,4,1,2014-12-16
921,Rob the Mob,5,1,2014-04-17
922,The Detained,17,1,2017-09-01
923,Boys in the Trees,7,2,2017-10-01
924,Now You See Me,5,2,2013-05-31
925,Patch Adams,4,1,1998-12-25
926,Bana Masal Anlatma,4,4,2015-01-09
927,Ab Tak Chhappan 2,1,1,2015-02-27
928,Sometimes,7,5,2018-04-30
929,Inside: Medical Marijuana,6,4,NOT AVAILABLE
930,Toc Toc,4,5,2017-10-06
931,Panic Room,5,1,2002-03-29
932,The Final Master,1,3,2015-12-11
933,Veronica,16,4,NOT AVAILABLE
934,The Tuxedo,1,5,2002-09-27
935,The Signal,7,2,2014-07-10
936,Mindhunters,5,3,2005-05-13
937,The Boss,4,2,2016-04-08
938,Teenage Cocktail,7,4,2017-01-15
939,Hang 'Em High,7,3,1968-07-31
940,The Boy in the Striped Pajamas,7,3,2008-11-26
941,Below Her Mouth,7,4,2017-04-28
942,Alvin and the Chipmunks: Chipwrecked,3,3,2011-12-16
943,Christine,7,1,2016-10-14
944,Prague,13,5,2013-09-27
945,Tarzan,3,3,2014-02-20
946,Demon Inside,10,3,2013-11-01
947,The Prince and Me,4,3,2004-04-02
948,Storks,3,2,2016-09-23
949,Jingle All the Way,2,4,1996-11-22
950,The Expendables 2,1,2,2012-08-17
951,Erased,1,5,2012-09-26
952,Fairy Tail: Dragon Cry,3,2,2017-08-14
953,The Rise,5,2,2013-07-26
954,The Secret Life of Pets,3,3,2016-07-08
955,Staten Island Summer,4,4,2015-06-30
956,Carrie,7,4,2002-11-04
957,Close,1,3,2019-01-18
958,The Black Panthers: Vanguard of the Revolution,6,2,2015-10-23
959,Bibi & Tina: Tohuwabohu Total,2,3,2017-02-23
960,Gurgaon,5,1,2017-08-04
961,Someone Great,4,5,2019-04-19
962,Resident Evil: The Final Chapter,1,2,2017-01-27
963,Steve Jobs: Billion Dollar Hippy,6,1,2011-12-14
964,The Odessa File,7,2,1974-10-18
965,Mama,10,3,2013-01-18
966,American Pie Presents: Band Camp,4,5,2005-12-26
967,Guardians of the Galaxy,1,2,2014-08-01
968,Between the Folds,6,5,2008-05-31
969,Gotti,5,1,2018-06-14
970,Baaghi,1,5,2016-04-29
971,Husband Factor,4,1,2015-03-20
972,Charlie and the Chocolate Factory,2,5,2005-07-15
973,Misconduct,5,4,2016-02-05
974,My Perfect Romance,14,5,2018-05-06
975,The Heir Apparent: Largo Winch,1,3,2008-12-17
976,Gnomeo and Juliet,3,5,2011-02-11
977,The Fault in Our Stars,7,5,2014-06-06
978,B.A. Pass,5,5,2013-08-02
979,The Girl from the Song,7,2,2017-11-29
980,Okja,8,2,NOT AVAILABLE
981,Friends with Benefits,4,3,2011-07-22
982,LuTo,7,3,2013-11-14
983,The Lodgers,7,5,2018-02-23
984,Stolen,1,4,2012-09-06
985,Taken Heart,1,1,2017-01-24
986,Brad's Status,4,2,2017-09-15
987,Mandela: Long Walk to Freedom,7,1,2013-12-25
988,The Dinner,5,2,2017-05-18
989,JFK: The Making of a President,6,1,2017-06-01
990,13 Reasons Why: Beyond the Reasons,10,3,NOT AVAILABLE
991,Little Italy,4,1,2018-09-21
992,The Next Three Days,1,2,2010-11-19
993,Real Crime: Supermarket Heist (Tesco Bomber),6,2,2009-08-06
994,2012,1,2,2009-11-13
995,Almost Adults,4,1,2017-02-07
996,The Magic Roundabout,3,3,2006-02-24
997,Trumbo,7,1,2015-11-27
998,Little Man,4,1,2006-07-14
999,XXx,1,4,2002-08-09
1000,Maniac,10,3,2013-01-02
1001,XOXO,7,4,2016-08-26
1002,Get Hard,4,3,2015-03-27
1003,The Hangover,4,4,2009-06-05
1004,The Bye Bye Man,7,1,2017-01-13
1005,Hate Story,7,2,2012-04-20
1006,Monster High 13 Wishes,3,2,2013-10-08
1007,Dear White People,4,3,2014-12-04
1008,1 Mile to You,7,3,2017-04-07
1009,The First Great Train Robbery,2,1,1979-02-02
1010,Bob's Broken Sleigh,3,2,2015-12-01
1011,The Fast and the Furious: Tokyo Drift,1,5,2006-06-16
1012,Why Knot,6,3,NOT AVAILABLE
1013,The Ritual,10,4,2018-02-09
1014,Love Steaks,4,1,2014-03-27
1015,I Am Mother,7,1,2019-06-07
1016,"As Above, So Below",10,1,2014-08-29
1017,Brighton Rock,5,4,2011-02-04
1018,Piku,4,3,2015-05-08
1019,Home Alone,4,5,1990-11-16
1020,Star Wars: The Force Awakens,1,3,2015-12-18
1021,The Great Beauty,7,5,2014-03-14
1022,Sausage Party,3,3,2016-08-12
1023,Slow TV: Train Ride Bergen to Oslo,16,5,NOT AVAILABLE
1024,"The Taking of Pelham 1, 2, 3",4,1,NOT AVAILABLE
1025,Death Note,15,4,NOT AVAILABLE
1026,Pretty Baby,7,2,1978-04-05
1027,Rocky Handsome,1,1,2016-03-25
1028,Katy Perry: Part of Me,6,2,2012-07-05
1029,Last Action Hero,1,4,1993-06-18
1030,Stalingrad,1,2,2013-10-10
1031,Wolf Warrior,1,1,2015-04-06
1032,Legend of the Fist: The Return of Chen Zhen,1,2,2010-09-21
1033,My Girl,4,1,1991-11-27
1034,Mr. Deeds,4,2,2002-06-28
1035,Rush Hour 2,1,3,2001-08-03
1036,Animas,10,1,2019-01-25
1037,Beyond Skyline,1,3,2017-12-15
1038,You Can Tutu,8,3,2017-07-31
1039,The Ouija Experiment,10,1,2014-05-02
1040,The Dudesons Movie,6,2,2006-03-31
1041,Side Effects,5,2,2013-02-08
1042,Supremacy,7,1,2014-06-12
1043,The Polarman,2,5,NOT AVAILABLE
1044,People You May Know,4,2,2017-02-28
1045,The Butterfly Effect,7,2,2004-01-23
1046,Kiss & Cry,7,1,2017-08-31
1047,I Am the Pretty Thing That Lives in the House,7,3,2016-10-28
1048,Two Night Stand,4,5,2014-09-26
1049,Australia's Hardest Prison: Lockdown Oz,15,3,NOT AVAILABLE
1050,I Origins,7,2,2014-09-19
1051,Carlos,5,1,2010-10-11
1052,A Tale of Legendary Libido,4,5,2008-04-30
1053,Men in Black,1,1,1997-07-02
1054,Would You Rather,10,5,2019-06-06
1055,Miss Lovely,5,3,2014-06-20
1056,Awaken the Shadowman,10,2,2017-07-21
1057,Once Again,7,2,2018-09-01
1058,Monsters vs. Aliens,3,5,2009-03-27
1059,The Dirty Picture,7,1,2011-12-02
1060,Bareilly Ki Barfi,4,5,2017-08-18
1061,Armed Response,1,1,2017-08-09
1062,Bulletproof Gangster,8,3,NOT AVAILABLE
1063,Mirage,7,3,2019-03-22
1064,Creep,10,2,2015-06-23
1065,The Family,4,5,2013-09-13
1066,Pacific Rim,1,2,2013-07-12
1067,Cash Only,5,3,2016-05-13
1068,Bring It On: Fight to the Finish,4,3,2009-09-01
1069,Stargate: The Ark of Truth,1,2,2008-03-11
1070,Hulk,1,1,2003-06-20
1071,Goosebumps,2,4,2015-10-16
1072,Paradox,1,5,2016-04-15
1073,Pleasure or Pain,7,4,2013-09-05
1074,Bratz: The Movie,4,4,2007-08-03
1075,The Intent 2: The Come Up,5,2,2018-09-21
1076,Free Birds,3,1,2013-11-01
1077,Palm Trees in the Snow,7,4,2015-12-25
1078,Darkweb,1,4,2016-03-08
1079,These Final Hours,13,1,NOT AVAILABLE
1080,ReMastered: Massacre at the Stadium,17,3,NOT AVAILABLE
1081,A Million Ways to Die in the West,4,3,2014-05-30
1082,Pandorum,1,1,2009-09-25
1083,Discovering Bigfoot,6,3,2017-12-15
1084,A Dangerous Man,1,5,2010-02-09
1085,The Man in the Wall,7,5,2018-02-01
1086,Sleuth,5,2,2007-11-23
1087,One Night Stand,7,1,2016-05-06
1088,Cockneys vs Zombies,1,3,2013-08-02
1089,Bruno and Boots: The Wizzle War,8,4,2017-04-01
1090,Vampire Dog,4,4,2012-11-23
1091,The Barkley Marathons: The Race That Eats Its Young,6,2,2016-10-01
1092,Confessions of a Shopaholic,4,4,2009-02-13
1093,Band of Robbers,2,5,2016-04-15
1094,Anger Management,4,2,2003-04-11
1095,Sky Captain and the World of Tomorrow,1,5,2004-09-17
1096,Aashik Awara,18,4,NOT AVAILABLE
1097,X2: X-Men United,1,5,2003-05-02
1098,Sharknado 2: The Second One,1,5,2014-07-30
1099,Jimi Hendrix: Voodoo Child,6,1,2010-09-18
1100,Raman Raghav 2.0,5,3,2016-06-24
1101,Brain on Fire,7,1,2018-06-22
1102,Best Evidence: Top 10 UFO Sightings,6,4,NOT AVAILABLE
1103,Tricked,6,1,2013-12-13
1104,The Mummy,1,3,1999-05-07
1105,Force 10 from Navarone,1,3,1978-12-08
1106,Hook,2,4,1991-12-11
1107,Reasonable Doubt,5,1,2014-01-17
1108,He's Out There,10,3,2018-10-25
1109,American Psycho,4,1,2000-04-14
1110,Malevolent,10,2,2018-10-05
1111,Arms and the Dudes,4,2,2016-08-19
1112,Cocaine Cowboys 2,6,2,2008-07-29
1113,Hop,3,5,2011-04-01
1114,Paul Blart: Mall Cop,1,1,2009-01-16
1115,Music Teacher,7,3,2019-04-19
1116,2 Guns,1,2,2013-08-02
1117,Lethal Seduction,17,4,2015-07-11
1118,Birdman or (The Unexpected Virtue of...,4,3,2014-11-14
1119,The Danish Girl,7,1,2016-01-22
1120,The Lifeguard,7,3,2013-07-30
1121,The Outsider,1,1,2018-03-09
1122,The Manchurian Candidate,7,2,2004-07-30
1123,Accepted,4,2,2006-08-18
1124,Take Down,1,2,2016-08-19
1125,Once Upon a Time in Venice,1,5,2017-06-16
1126,I Am Michael,7,1,2017-01-27
1127,Hostel: Part II,10,3,2007-06-08
1128,The Silenced,10,2,2015-06-18
1129,Burlesque: Heart of the Glitter Tribe,6,2,2017-03-03
1130,Universal Soldier: Regeneration,1,3,2010-01-01
1131,Kaho Naa... Pyaar Hai,1,1,2000-01-14
1132,The Most Unknown,6,2,2018-08-09
1133,Red 2,1,3,2013-07-19
1134,All Eyez on Me,7,1,2017-06-16
1135,The Girl with the Dragon Tattoo,5,2,2011-12-21
1136,Chandni Bar,5,5,2001-09-28
1137,Tiger,7,1,2016-08-25
1138,Bel Ami,5,2,2012-03-09
1139,Soul Plane,4,3,2004-05-28
1140,Black Water,1,4,2018-05-25
1141,The Mechanic,1,3,2011-01-28
1142,The Benchwarmers,4,3,2006-04-07
1143,The Voices,4,4,2015-02-06
1144,My Little Pony Crystal Princess: The Runaway Rainbow,3,3,2007-03-28
1145,Blackball,4,1,2003-09-05
1146,The Impossible,7,2,2013-01-04
1147,Gods of Egypt,1,5,2016-02-26
1148,Brawl in Cell Block 99,1,4,2017-10-06
1149,Trespass Against Us,1,1,2016-11-24
1150,Cracking the Da Vinci Code,6,2,2004-05-01
1151,The Forest,10,2,2016-01-08
1152,Elena Undone,7,4,2010-06-25
1153,Passengers,7,3,2008-09-26
1154,The Institute,17,1,2017-03-03
1155,Dude,4,2,2018-04-20
1156,The Wild Thornberrys Movie,3,4,2002-12-20
1157,The Lorax,3,1,2012-03-02
1158,Ittefaq,13,1,2017-11-03
1159,Conan the Barbarian,1,1,2011-08-19
1160,The Thomas Crown Affair,5,1,1999-08-06
1161,Scooby-Doo,2,2,2002-06-14
1162,Den 12. mann,10,2,NOT AVAILABLE
1163,Holidays,9,5,2016-04-15
1164,Superbad,4,1,2007-08-17
1165,A Hundred Streets,19,3,NOT AVAILABLE
1166,Last Holiday,4,1,2006-01-13
1167,Murder Mystery,1,1,2019-06-14
1168,Day of the Dead: Bloodline,1,1,2018-01-05
1169,Casting JonBenet,6,5,2017-04-28
1170,The Late Bloomer,4,3,2016-10-07
1171,The Lord of the Rings: The Fellowship of the Ring,1,2,2001-12-19
1172,Hadi Ä°nåŸallah,4,2,2014-11-28
1173,Sherlock Gnomes,3,2,2018-03-23
1174,Circle,7,2,2015-10-16
1175,Thi Mai,4,3,2018-01-12
1176,It's Complicated,4,2,2009-12-25
1177,Step Sisters,4,2,2018-01-19
1178,Michael Clayton,5,5,2007-10-12
1179,Contract Killers,1,2,2014-03-11
1180,Spy Kids 3: Game Over,1,5,2003-07-25
1181,Friends with Money,4,3,2006-04-21
1182,Not Another Teen Movie,4,2,2001-12-14
1183,Saheb Bibi Golaam,1,2,NOT AVAILABLE
1184,Free Rein: Valentine's Day,11,1,2019-02-01
1185,P,10,3,2006-02-03
1186,The Funhouse Massacre,4,4,2015-11-13
1187,Here Alone,7,5,2017-05-18
1188,A Girl Like Her,7,4,2015-03-27
1189,Beltracchi: The Art of Forgery,6,1,2014-03-06
1190,Hitch,4,1,2005-02-11
1191,Happy,6,2,2013-07-03
1192,Jack and Jill,4,1,2011-11-11
1193,Casper,4,4,1995-05-26
1194,Spy Kids 2: The Island of Lost Dreams,1,4,2002-08-07
1195,Hunting the Lost Symbol,6,2,2009-10-18
1196,Jack Ryan: Shadow Recruit,1,3,2014-01-17
1197,Flimflam,4,3,2016-09-11
1198,The Discovery,7,3,2017-03-31
1199,Pray for Rain,7,5,2017-06-16
1200,Super Monsters and the Wish Star,3,2,2018-12-07
1201,White Coffin,1,1,2016-12-01
1202,Best Neighbors,11,2,NOT AVAILABLE
1203,I Am Happiness On Earth,7,2,2014-10-23
1204,21 & Over,4,5,2013-03-01
1205,"Baby, Baby, Baby",4,5,2015-10-30
1206,Rajma Chawal,4,1,2018-11-30
1207,Safe House,1,4,2012-02-10
1208,The Department,14,5,2015-01-30
1209,Boyz n the Hood,5,2,1991-07-12
1210,Filth,4,2,2014-04-24
1211,Imagine That,4,4,2009-06-12
1212,The Descent,2,3,2006-08-04
1213,Cross Wars,1,4,2017-02-07
1214,Zack and Miri Make a Porno,4,4,2008-10-31
1215,The Endless,7,5,2018-04-06
1216,XX,10,2,2017-02-17
1217,Safe Haven,7,3,2013-02-14
1218,Unfinished Business,4,5,2015-03-06
1219,Next Gen,3,5,2018-09-07
1220,Deadly Impact,1,4,2010-04-20
1221,Pirates of the Caribbean: Dead Men Tell No Tales,1,3,2017-05-26
1222,Path,1,4,2015-10-12
1223,Mater,7,3,2017-10-12
1224,Sex Ed,4,2,2014-11-07
1225,All Hallows' Eve,8,4,2016-09-27
1226,RoboCop,1,4,1987-07-17
1227,Chasing Amy,4,3,1997-04-18
1228,Newness,7,2,2017-11-03
1229,Kill Command,1,3,2016-11-25
1230,Bruno and Boots: This Can't Be Happening at Macdonald Hall,8,4,2017-04-01
1231,Good Luck Chuck,4,1,2007-09-21
1232,Who the F**k Is That Guy?,6,3,2017-07-21
1233,Seven Years in Tibet,2,1,1997-10-10
1234,Death Note,1,3,2017-08-25
1235,The Big Wedding,4,5,2013-04-26
1236,Back and Forth,4,5,2016-07-21
1237,Parmanu: The Story of Pokhran,1,2,2018-05-25
1238,Ultraviolet,1,3,2006-03-03
1239,Johnny English,1,5,2003-07-18
1240,Alpha and Omega,3,2,2010-09-17
1241,Pitch Perfect,4,3,2012-10-05
1242,Run All Night,1,2,2015-03-13
1243,What's Your Number?,4,5,2011-09-30
1244,Snowden,7,1,2016-09-16
1245,The Babadook,7,3,2014-11-28
1246,Anastasia,3,2,1997-11-21
1247,The Adventure Club,2,4,2017-02-10
1248,My Best Friend's Girl,4,5,2008-09-19
1249,Bless the Child,5,3,2000-08-11
1250,Radio Rebel,4,3,2012-02-17
1251,The Doll 2,10,4,2017-07-20
1252,Date Movie,4,2,2006-02-17
1253,Conspiracy Theory: Did We Land on the Moon?,6,2,2001-02-15
1254,Pad Man,4,3,2018-02-09
1255,Wallace & Gromit: The Curse of the Were-Rabbit,3,3,2005-10-07
1256,"Jeff, Who Lives at Home",4,3,2012-05-11
1257,The Open House,10,4,2018-01-19
1258,Just Go with It,4,5,2011-02-11
1259,Contagion,1,3,2011-09-09
1260,Your Son,7,2,2018-11-09
1261,Terminator Genisys,1,1,2015-07-01
1262,The Holiday Calendar,7,1,2018-11-02
1263,Doom,1,2,2005-10-21
1264,Seeking a Friend for the End of the World,2,3,2012-06-22
1265,This Is the End,4,5,2013-06-12
1266,The Passion of the Christ,7,3,2004-02-25
1267,Ender's Game,1,2,2013-11-01
1268,The Amazing Spider-Man,1,4,2012-07-03
1269,The Kissing Booth,12,5,NOT AVAILABLE
1270,Hall Pass,4,2,2011-02-25
1271,Footloose,4,5,2011-10-14
1272,Miss Meadows,4,4,2014-11-14
1273,Sixteen Candles,4,5,1984-05-04
1274,Wild Orchid 2,4,5,NOT AVAILABLE
1275,Dracula Untold,1,5,2014-10-10
1276,Howard the Duck,1,5,1986-08-01
1277,Agora,2,1,2009-10-09
1278,Blue Lagoon: The Awakening,7,2,2012-06-16
1279,The Scarlet Letter,7,5,2004-10-28
1280,The Haunting of Sharon Tate,7,2,2019-04-05
1281,Haraamkhor,7,3,2017-01-13
1282,The Cloverfield Paradox,1,4,2018-02-04
1283,Return to Me,4,4,2000-04-07
1284,Chasing Coral,2,4,NOT AVAILABLE
1285,Monsters,2,2,2010-12-03
1286,Bad Moms,5,1,NOT AVAILABLE
1287,"Trailer Park Boys: Drunk, High and Unemployed: Live in Austin",4,4,2015-12-09
1288,Pay the Ghost,7,2,2015-09-25
1289,The Perfect Man,4,2,2005-06-17
1290,The Miracle Season,7,4,2018-04-06
1291,Bride Wars,4,5,2009-01-09
1292,Princess Cyd,7,4,2017-11-03
1293,Unacknowledged,6,3,2017-05-09
1294,The Fundamentals of Caring,4,2,2016-06-24
1295,Beat Bugs: All Together Now,3,1,2017-11-21
1296,Death Wish II,1,2,1982-02-19
1297,Among the Believers,6,1,2015-12-11
1298,Vengeance: A Love Story,1,1,2017-09-15
1299,Hotel Transylvania 2,3,2,2015-09-25
1300,Black Knight,2,4,2001-11-21
1301,Bad Day for the Cut,1,4,2017-10-20
1302,The Spy Who Dumped Me,1,4,2018-08-03
1303,Crimson Peak,7,3,2015-10-16
1304,"Crouching Tiger, Hidden Dragon: Sword of Destiny",1,2,2016-02-26
1305,Long Shot,17,4,NOT AVAILABLE
1306,Horror Story,10,4,2014-05-02
1307,The Favor,4,5,1994-04-29
1308,Notes on Blindness,6,5,2016-07-01
1309,Message from the King,1,2,2017-08-04
1310,The Tribe,4,1,2018-03-16
1311,Saw: The Final Chapter,10,5,2010-10-29
1312,Take Your Pills,6,2,2018-03-16
1313,The Ouija Experiment 2: Theatre of Death,10,2,2017-01-13
1314,Every Second Counts: The Story of the 2008 CrossFit Games,6,1,NOT AVAILABLE
1315,The SpongeBob Movie: Sponge Out of Water,3,3,2015-02-06
1316,Tramps,4,4,2017-04-21
1317,Septembers of Shiraz,17,1,2016-06-24
1318,The Devil's Mistress,7,1,2016-01-21
1319,Pink,7,1,2016-09-16
1320,Paranormal Activity 5,6,5,NOT AVAILABLE
1321,The Darkest Dawn,1,3,2018-04-15
1322,Mudbound,7,2,2017-11-17
1323,Thor: The Dark World,1,3,2013-11-08
1324,Command and Control,6,2,2016-04-17
1325,Sarkar,5,5,2005-07-01
1326,The Last Laugh,4,4,2019-01-11
1327,My Little Pony Equestria Girls: Legend of Everfree,3,5,2016-10-01
1328,The Whistleblower,5,1,2011-10-27
1329,Bowie: The Man Who Changed the World,6,1,2016-05-09
1330,The Rezort,10,5,2020-05-29
1331,Miss Stevens,4,2,2016-09-20
1332,The Propaganda Game,6,4,2015-10-30
1333,Bombairiya,4,4,2019-01-18
1334,Dharam Sankat Mein,4,4,2015-04-10
1335,Saw VI,10,1,2009-10-23
1336,Manorama Six Feet Under,5,4,2007-09-21
1337,Street,1,2,2015-10-30
1338,baryflie,4,3,1987-10-16
1339,Big Fish,2,3,2004-01-09
1340,The Twilight Saga: Eclipse,2,5,2010-06-30
1341,Cinderella,7,1,2015-03-13
1342,3 Ninjas Kick Back,1,5,1994-05-06
1343,The Big Short,4,1,2015-12-23
1344,A 2nd Chance,7,2,2015-09-01
1345,Rescue Dawn,1,1,2007-07-27
1346,1922,5,5,2017-10-20
1347,22 Bullets,1,2,2010-03-24
1348,Hannibal,5,2,2001-02-09
1349,Windtalkers,1,3,2002-06-14
1350,Chain Reaction,1,1,1996-08-02
1351,Blackhat,1,4,2015-01-16
1352,Hickok,19,4,2017-07-07
1353,G.O.R.A,2,3,2004-11-12
1354,The Visit,19,5,NOT AVAILABLE
1355,Gridlocked,1,2,2016-06-14
1356,Don't Wake Mommy,7,3,2016-01-03
1357,Leap Year,4,3,2010-01-08
1358,Monster Island,3,2,2017-09-14
1359,Into the Wild,2,1,2007-10-19
1360,Brooklyn's Finest,1,2,2010-03-05
1361,Barbie of Swan Lake,3,1,2003-09-30
1362,Sex: My British Job,6,3,2013-09-23
1363,Ip Man 2,1,1,2010-04-29
1364,Tallulah,4,5,2016-07-29
1365,Jeepers Creepers 3,1,3,2017-11-02
1366,Teenage Mutant Ninja Turtles,1,2,2014-08-08
1367,Savages,5,5,2012-07-06
1368,Romantik Komedi 2: Bekarlığa Veda,4,4,2013-02-14
1369,Loco Love,7,3,2017-03-24
1370,Scary Movie 5,4,1,2013-04-12
1371,True Story,5,1,2015-04-17
1372,Awol-72,1,4,2015-09-25
1373,The Choice,7,4,2016-02-05
1374,The Night Before,4,2,2015-11-20
1375,Attack the Block,1,2,2011-05-13
1376,The Presence,10,2,2015-03-12
1377,Devil,10,2,2010-09-17
1378,The Purge: Election Year,1,3,2016-07-01
1379,Flushed Away,3,5,2006-11-03
1380,My Babysitter's a Vampire: The Movie,2,3,2011-06-10
1381,Captive for 18 Years: The Jaycee Lee Story,4,1,NOT AVAILABLE
1382,A Perfect Day,17,2,NOT AVAILABLE
1383,Brotherly Love,7,2,2015-04-24
1384,The Land of Steady Habits,4,1,2018-09-14
1385,The Captive,5,4,2014-12-12
1386,Sinbad: Legend of the Seven Seas,3,3,2003-07-02
1387,The Red Thread,7,4,2016-05-19
1388,I Spit on Your Grave,10,3,2011-01-20
1389,Hector,7,1,2015-12-11
1390,The Weekend,4,1,2016-12-02
1391,Lego Elves,3,1,2015-03-08
1392,Spanglish,4,2,2004-12-17
1393,Kill Switch,1,2,2017-06-16
1394,Grown Ups,4,1,2010-06-25
1395,Angela's Christmas,3,2,2018-11-30
1396,Resident Evil: Apocalypse,1,2,2004-09-10
1397,Think Like a Man Too,4,2,2014-06-20
1398,The Forbidden Kingdom,1,2,2008-04-18
1399,Air Bud: Golden Receiver,4,5,1998-08-14
1400,Iron Man,1,1,2008-05-02
1401,Asterix the Gaul,10,4,NOT AVAILABLE
1402,10 Years,4,1,2012-10-05
1403,War on Everyone,1,4,2017-02-03
1404,The Divergent Series: Allegiant,1,5,2016-03-18
1405,"Margarita, with a Straw",7,4,2016-06-14
1406,The Edge of Seventeen,4,1,2016-11-18
1407,Kung Fu Panda: Secrets of the Scroll,3,5,2016-01-05
1408,Valley Uprising,6,2,2014-09-01
1409,Horrid Henry: The Movie,2,1,2013-01-11
1410,Monsters University,3,4,2013-06-21
1411,Are We There Yet?,2,1,2005-01-21
1412,Rooney: The Man Behind The Goals,6,4,2015-10-05
1413,The Player,4,2,2012-06-06
1414,Scott Pilgrim vs. the World,1,1,2010-08-13
1415,Small Crimes,5,4,2017-04-28
1416,The Girl on the Train,5,5,2016-10-07
1417,Hellboy,1,2,2004-04-02
1418,Equilibrium,1,1,2002-12-06
1419,The Other Guys,1,2,2010-08-06
1420,Ace Ventura: Pet Detective,4,5,1994-02-04
1421,My Name Is Lenny,7,1,2017-06-09
1422,Dear John,7,3,2010-02-05
1423,Wild,7,1,2014-12-19
1424,Paan Singh Tomar,1,1,2012-03-02
1425,F the Prom,4,2,2017-12-05
1426,Killers,1,4,2010-06-04
1427,Much Loved,7,1,2015-09-16
1428,Dovlatov,7,1,2018-10-26
1429,Life as We Know It,4,4,2010-10-08
1430,Kick-Ass,1,5,2010-04-16
1431,In the Shadow of Iris,7,3,2016-11-16
1432,Spider-Man: Homecoming,1,5,2017-07-07
1433,Big Daddy,4,3,1999-06-25
1434,The Babysitter,4,5,2017-10-13
1435,Consumed,7,4,2016-04-01
1436,Ghostbusters,1,2,2016-07-15
1437,Waiting,7,2,2016-05-27
1438,The D Train,4,3,2015-05-08
1439,Ms. Mammy,4,5,2012-10-25
1440,Maze Runner: The Scorch Trials,1,5,2015-09-18
1441,Russia's Toughest Prisons,6,5,2011-06-18
1442,Deck the Halls,4,4,2006-11-22
1443,When Worlds Collide,1,2,1951-11-15
1444,Fiza,1,5,2000-09-08
1445,Tanu Weds Manu,4,2,2011-02-25
1446,Wish Upon,7,3,2017-07-14
1447,Before I Wake,3,3,NOT AVAILABLE
1448,Before We Go,4,3,2015-07-21
1449,Await Further Instructions,10,5,2018-10-05
1450,Fast & Furious,1,2,2009-04-03
1451,Fantastic Four,1,3,2015-08-07
1452,Pineapple Express,1,3,2008-08-06
1453,Froning: The Fittest Man in History,6,4,2015-10-02
1454,The SpongeBob SquarePants Movie,3,5,2004-11-19
1455,13 Hours: The Secret Soldiers of Benghazi,1,2,2016-01-15
1456,You Will Love Me,10,3,2013-08-31
1457,Bleeding Steel,1,4,2017-12-22
1458,Limitless,15,2,2011-03-18
1459,Johnny English Reborn,1,4,2011-10-21
1460,The Secret,10,3,2018-04-26
1461,Thank You,4,1,2011-04-08
1462,Liar Liar,4,5,1997-03-21
1463,King Cobra,4,2,2016-10-21
1464,Unlocked,9,4,NOT AVAILABLE
1465,The Chosen,7,2,NOT AVAILABLE
1466,Exit Afghanistan,6,5,2013-10-17
1467,Backfire,5,3,2019-03-01
1468,The Incredible Hulk,1,1,2008-06-13
1469,S.W.A.T.,1,2,2003-08-08
1470,Sound City,6,2,2013-02-18
1471,Green Zone,1,3,2010-03-12
1472,Secrets of Westminster,6,2,NOT AVAILABLE
1473,Jodhaa Akbar,1,2,2008-02-15
1474,30 Days of Night,1,4,2007-10-19
1475,Girlfriend's Day,4,5,2017-02-14
1476,Despicable Me 3,3,5,2017-06-30
1477,Nick and Norah's Infinite Playlist,4,2,2008-10-03
1478,Middle School: The Worst Years of My Life,4,5,2016-10-07
1479,Company,1,2,2002-04-15
1480,The Box,7,2,2009-11-06
1481,Phobia 2,4,4,2009-09-24
1482,Clinical,6,2,NOT AVAILABLE
1483,Risen,1,2,2016-02-19
1484,Valerian and the City of a Thousand Planets,1,1,2017-07-21
1485,This Is 40,4,1,2012-12-21
1486,Let Me In,7,2,2010-10-01
1487,Welcome Mr. President,4,1,2013-03-21
1488,The Iron Lady,7,1,2012-01-13
1489,Role Models,4,3,2008-11-07
1490,Jefe,4,1,2018-07-06
1491,On My Skin,7,1,2018-12-07
1492,Loving is Losing,4,1,2019-01-03
1493,Furlough,4,2,2018-03-16
1494,Sharknado,1,5,2013-07-11
1495,Ip Man 3,1,1,2015-12-24
1496,Bean: The Ultimate Disaster Movie,4,3,1997-11-07
1497,The Art of the Steal,4,1,2014-06-20
1498,Snowpiercer,1,1,2014-07-11
1499,The Fear of 13,6,4,2015-11-15
1500,Wine Country,4,3,2019-05-10
1501,Jurassic Park,1,4,1993-06-11
1502,American Heist,1,5,2015-07-24
1503,John Q,5,3,2002-02-15
1504,Law Abiding Citizen,1,5,2009-10-16
1505,The Men Who Stare at Goats,4,3,2009-11-06
1506,Given,6,5,2016-11-12
1507,The Maze Runner,1,2,2014-09-19
1508,Cloud Atlas,1,1,2012-10-26
1509,Secret Superstar,7,1,2017-10-18
1510,Delhi in a Day,4,5,2012-08-24
1511,Velvet Buzzsaw,10,4,2019-02-01
1512,The African Doctor,4,1,2016-06-08
1513,Slam,4,4,2017-03-23
1514,Jab Harry Met Sejal,4,3,2017-08-04
1515,Iron Man 3,1,4,2013-05-03
1516,Don't blame the kid,4,4,2016-05-13
1517,Fiore,7,5,2016-05-25
1518,Perfect Stranger,5,1,2007-04-13
1519,Akeelah and the Bee,7,4,2006-04-28
1520,Abducted in Plain Sight,6,4,2019-01-15
1521,Lang Tong,17,5,2015-03-08
1522,Blue Streak,1,1,1999-09-17
1523,Here Comes the Boom,1,2,2012-10-12
1524,Pain & Gain,1,3,2013-04-26
1525,Call of Heroes,1,1,2016-08-12
1526,Lucy,1,5,2014-07-25
1527,Raees,1,2,2017-01-25
1528,The Gallows,10,2,2015-07-10
1529,Outlaw King,1,1,2018-11-09
1530,Brahman Naman,4,1,2016-07-07
1531,Operaà§àµes Especiais,1,1,2015-10-15
1532,Despicable Me 2,3,3,2013-07-03
1533,Blue Velvet,7,4,1986-10-23
1534,The Autopsy of Jane Doe,10,1,2016-12-21
1535,The Circle,16,5,NOT AVAILABLE
1536,Ronnie Coleman: The King,6,5,2018-06-22
1537,American Assassin,1,1,2017-09-15
1538,Transformers: Age of Extinction,1,3,2014-06-27
1539,The Truth,1,3,2012-11-29
1540,Bring It On: All or Nothing,4,4,2006-08-08
1541,Alien Outpost,1,3,2015-01-30
1542,Mechanic: Resurrection,1,4,2016-08-26
1543,Benji,5,2,2018-03-16
1544,Escape Room,10,2,2017-09-29
1545,Angel of Christmas,4,1,2015-11-29
1546,Havenhurst,10,3,2017-02-10
1547,Dartmoor Killing,7,3,2015-09-18
1548,White Chicks,4,5,2004-06-23
1549,Rahasya,13,5,2015-01-30
1550,Bird Box,7,5,2018-12-21
1551,Bodyguard,1,4,2011-08-31
1552,Mary Shelley,7,1,2018-07-06
1553,Overboard (2018),11,1,NOT AVAILABLE
1554,BLAME!,3,2,2017-05-20
1555,Eye in the Sky,1,4,2016-04-01
1556,Talladega Nights: The Ballad of Ricky Bobby,4,3,2006-08-04
1557,The Siege,1,3,1998-11-06
1558,Brain on Fire,7,2,NOT AVAILABLE
1559,Security,1,5,2017-03-04
1560,The Line,1,1,2011-12-22
1561,Rogue,1,4,2007-11-08
1562,The Man from the Future,4,3,2011-09-02
1563,"Game Over, Man!",1,5,2018-03-23
1564,The Bone Collector,5,2,1999-11-05
1565,The Jungle Book,2,3,2016-04-15
1566,Miracle on 34th Street,8,2,1994-11-18
1567,Tomorrowland,1,1,2015-05-22
1568,First They Killed My Father,7,1,2017-09-15
1569,Air Bud: World Pup,4,2,2000-12-12
1570,Just Friends,4,1,2005-11-23
1571,The Stepfather,5,5,2009-10-16
1572,Mission: Impossible 5,1,4,2015-07-31
1573,Lifeforce,1,4,1985-06-21
1574,Marauders,1,1,2016-07-01
1575,Paradise Lost,7,1,2018-05-31
1576,The Witch,7,1,2016-02-19
1577,Over the Hedge,3,2,2006-05-19
1578,Chalet Girl,4,1,2011-10-14
1579,Black Snake Moan,7,2,2007-03-02
1580,Bibi & Tina: Girls Versus Boys,2,5,2016-01-21
1581,Made of Honor,4,1,2008-05-02
1582,Sleeping with the Enemy,7,1,1991-02-08
1583,The Lost World: Jurassic Park,1,4,1997-05-23
1584,Daybreakers,1,4,2010-01-08
1585,The Human Centipede,10,4,2010-04-28
1586,The Foreigner,17,2,NOT AVAILABLE
1587,Fireplace 4K: Crackling Birchwood from Fireplace for Your Home,19,3,2008-11-01
1588,Moh Maya Money,5,1,2016-11-25
1589,Conor McGregor: Notorious,6,1,2017-11-08
1590,How to Train Your Dragon,3,5,2010-03-26
1591,Bewildered Bolbol,4,5,2010-11-11
1592,Gladiator,1,4,2000-05-05
1593,Rip Tide,7,2,2017-10-03
1594,Minions,3,5,2015-07-10
1595,Beak & Brain: Genius Birds From Down Under,6,3,2013-10-03
1596,Focus,4,5,2015-02-27
1597,Along Came Polly,4,3,2004-01-16
1598,No Good Deed,1,5,2014-09-12
1599,Under the Shadow,7,2,2016-10-07
1600,Enter the Warriors Gate,1,5,2017-05-05
1601,Paul Blart: Mall Cop 2,1,3,2015-04-17
1602,Bushwick,1,2,2017-08-25
1603,Pixels,1,5,2015-07-24
1604,Chittagong,1,2,2012-10-12
1605,The Package,4,4,2018-08-10
1606,The Interview,17,4,1998-08-20
1607,Rob Roy,2,1,1995-04-14
1608,My Little Pony Equestria Girls: Rainbow Rocks,3,2,2014-09-27
1609,Ghostbusters II,1,2,1989-06-16
1610,Stomp the Yard,7,3,2007-01-12
1611,Robot Jox,1,4,1990-11-21
1612,Molly Moon and the Incredible Book of Hypnotism,2,2,2016-12-02
1613,The Reef 2: High Tide,3,4,2012-10-30
1614,Five Children and It,2,1,2004-10-15
1615,Monster House,3,2,2006-07-21
1616,The Journey Is the Destination,7,2,2017-04-18
1617,If....,5,5,1969-05-21
1618,Berlin Syndrome,7,5,2017-05-26
1619,Madagascar,3,1,2005-05-27
1620,The Man in 3B,13,2,2015-11-06
1621,Rebirth,17,4,2016-07-15
1622,What to Expect When You're Expecting,4,3,2012-05-18
1623,The Resident,7,1,2011-03-11
1624,Dream Lover,7,1,1994-05-06
1625,Last Girl Standing,7,4,2015-10-17
1626,The Swan Princess,3,4,1994-11-18
1627,Paid in Full,1,5,2002-10-25
1628,Bullet to the Head,1,2,2013-02-01
1629,Life of Crime,4,5,2014-08-29
1630,Fools Rush In,4,5,1997-02-14
1631,Seal Team Six: The Raid on Osama Bin Laden,1,3,2012-11-04
1632,Hypersomnia,9,5,2017-03-30
1633,Emo the Musical,4,4,2017-05-04
1634,Grass Is Greener,6,5,2019-04-20
1635,FullMetal Alchemist,1,5,2017-12-01
1636,Hunting Britain's Most Wanted,6,2,NOT AVAILABLE
1637,Kung Fu Panda 2,3,5,2011-05-26
1638,Sherlock Holmes,1,2,2009-12-25
1639,"Definitely, Maybe",4,1,2008-02-14
1640,Drishyam,5,1,2015-07-31
1641,Freight,1,1,NOT AVAILABLE
1642,The Bounty Hunter,1,3,2010-03-19
1643,Smokin' Aces,1,4,2007-01-26
1644,Megan Leavey,7,1,2017-06-09
1645,Extremis,6,4,2016-09-16
1646,Money Monster,5,3,2016-05-13
1647,The Rachel Divide,6,2,2018-04-27
1648,Camp Cool Kids,8,2,2017-07-11
1649,A Christmas Prince,4,3,2017-11-17
1650,Cardboard Gangsters,5,2,2017-06-16
1651,Meru,6,3,2015-08-14
1652,Bibi & Tina II,2,2,2014-12-25
1653,City of God,5,4,2004-02-13
1654,Horns,4,5,2014-10-03
1655,Death Wish (2018),5,2,NOT AVAILABLE
1656,Robo-Dog,8,4,2015-10-14
1657,Hostel,10,5,2006-01-06
1658,Picture This,4,2,2008-07-13
1659,Here on Earth,7,2,2000-03-24
1660,Unbroken,7,1,2014-12-25
1661,Who Took Johnny,6,1,2014-01-17
1662,Battle: Los Angeles,1,2,2011-03-11
1663,Survivors Guide to Prison,6,4,2018-02-23
1664,Aarakshan,7,3,2011-08-12
1665,Hancock,1,5,2008-07-02
1666,Secrets of Her Majesty's Secret Service,6,4,2014-06-30
1667,The Blood Lands,10,5,2015-09-01
1668,Detroit,5,2,2017-08-04
1669,Lions for Lambs,5,2,2007-11-09
1670,World of Compulsive Hoarders,6,2,2007-05-02
1671,London,7,5,2006-02-10
1672,Q2454505,4,1,2013-01-31
1673,Nathicharami,7,1,2018-12-01
1674,Ek Ladki Ko Dekha Toh Aisa Laga,4,2,2019-02-01
1675,The Royle Family: Christmas Special 2000,4,5,NOT AVAILABLE
1676,Speed 2: Cruise Control,1,5,1997-06-13
1677,The Man with the Iron Heart,1,1,2017-06-07
1678,The Russian Revolution,6,2,2017-06-15
1679,The Woman in Black,7,4,2012-02-03
1680,Deliha,4,3,2014-11-14
1681,Once Upon a Holiday,7,1,2015-11-25
1682,Wild Child,4,2,2008-08-15
1683,Easy A,4,1,2010-09-17
1684,Mirrors,10,2,2008-08-15
1685,No Way Out,1,2,1987-08-14
1686,Bedazzled,4,4,2000-10-20
1687,Ibiza,4,2,2018-05-25
1688,Annie,4,1,2014-12-19
1689,Step Up,5,2,2006-08-11
1690,Infinity Chamber,15,2,2017-09-15
1691,Naked,4,1,2017-08-11
1692,Clair Obscur,7,2,2017-03-10
1693,Gridiron Gang,5,1,2006-09-15
1694,Manto,7,1,2018-09-21
1695,Steve Jobs,7,1,2015-10-23
1696,Poster Boys,4,2,2017-09-08
1697,Rim of the World,1,3,2019-05-24
1698,Gone Baby Gone,5,3,2007-10-19
1699,Beasts of No Nation,7,2,2015-10-16
1700,Hellboy II: The Golden Army,1,4,2008-07-11
1701,The Zookeeper's Wife,7,1,2017-04-07
1702,Blood Money,10,3,NOT AVAILABLE
1703,The Seventh Son,1,5,2015-02-06
1704,Colosseum: Rome's Arena of Death,7,2,2003-10-13
1705,What Happened to Monday,1,4,2017-08-18
1706,The Physician,2,2,2014-12-05
1707,Step Up Revolution,7,1,2012-07-27
1708,Fall of an Empire,18,3,NOT AVAILABLE
1709,Rocco,6,1,2017-09-01
1710,Live Free or Die Hard,1,2,2007-06-27
1711,Funny People,4,2,2009-07-31
1712,Hayat à–pücügü,4,5,2015-10-09
1713,Zubaan,7,2,2016-03-04
1714,Mr. Bean's Holiday,4,2,2007-08-24
1715,The Outcasts,4,5,2017-04-14
1716,The Equalizer,1,4,2014-09-26
1717,A Perfect Ending,7,2,2012-06-21
1718,Death Note,5,5,NOT AVAILABLE
1719,In The Deep,1,5,2017-09-26
1720,Vacation,2,3,2015-07-29
1721,The Firefly,7,4,NOT AVAILABLE
1722,Rogue Agent,8,5,NOT AVAILABLE
1723,Push,1,3,2009-02-06
1724,Shark Tale,3,5,2004-10-01
1725,Viking Apocalypse,6,3,2011-12-22
1726,Adventures in Public School,4,3,2018-04-27
1727,My Last Day without You,4,5,2013-10-04
1728,Last Knights,1,2,2015-04-03
1729,The Hangover Part II,4,3,2011-05-26
1730,Plan Z,10,4,2016-03-19
1731,Bad Seeds,4,2,2018-11-21
1732,Alien Warfare,1,5,2019-04-05
1733,Russell Madness,8,1,2015-05-10
1734,TAU,15,1,2018-06-29
1735,Hotel Transylvania,3,4,2012-09-28
1736,Tamasha,4,5,2015-11-27
1737,Pettersson and Findus 2,3,5,2016-11-03
1738,The Angry Birds Movie,3,4,2016-05-20
1739,Daddy's Home,4,3,2015-12-25
1740,Lavender,7,2,2017-03-03
1741,He Who Dares: Downing Street Siege,1,5,2015-01-23
1742,Me Before You,7,2,2016-06-03
1743,Science Fiction Volume One: The Osiris Child,1,2,2017-05-18
1744,Nicholas on Holiday,4,5,2014-07-09
1745,Copenhagen,2,5,2014-10-03
1746,To the Beat,4,1,2018-03-13
1747,The Super,10,2,2018-10-19
1748,Love,7,1,2015-10-30
1749,Bird Box,8,3,NOT AVAILABLE
1750,TE3N,7,4,2016-06-10
1751,Star Trek Beyond,1,4,2016-07-22
1752,Russell Brand: From Addiction to Recovery,6,1,2017-06-30
1753,The Avengers,1,2,2012-05-04
1754,Flight,7,2,2012-11-02
1755,Burnt,4,3,2015-10-30
1756,Black Site Delta,1,2,2017-05-05
1757,Amanda Knox,6,4,2016-09-30
1758,Looney Tunes: Back in Action,3,4,2003-11-14
1759,The Foreigner,1,3,2017-10-13
1760,Beiimaan Love,7,2,2016-10-14
1761,Open Water 3: Cage Dive,2,5,2017-04-27
1762,Shrek,3,3,2001-05-18
1763,Apostle,7,3,2018-10-12
1764,A Most Violent Year,1,2,2015-01-30
1765,Seeking Justice,1,1,2011-09-02
1766,"Crouching Tiger, Hidden Dragon",1,4,2001-01-12
1767,Mamma Mia!,4,2,2008-07-18
1768,Without a Paddle,2,4,2004-08-20
1769,Agent Cody Banks,1,3,2003-03-14
1770,Hansel and Gretel,8,4,1988-12-10
1771,Blackadder's Christmas Carol,4,2,1988-12-23
1772,Skin Trade,1,1,2015-04-23
1773,Triangle,9,4,2009-10-16
1774,The DUFF,4,4,2015-02-20
1775,The Shawshank Redemption,7,3,1994-10-14
1776,Playing the Field,4,3,2012-12-07
1777,Wheelman,1,3,2017-10-20
1778,Nocturnal Animals,7,5,2016-12-09
1779,The Cobbler,4,1,2015-03-13
1780,Little Evil,4,4,2017-09-01
1781,American Pie 2,4,2,2001-08-10
1782,Udta Punjab,1,2,2016-06-17
1783,The Titan,7,2,2018-03-30
1784,The Long Riders,5,1,1980-05-16
1785,Species III,10,3,2005-02-11
1786,Daft Punk Unchained,6,1,2015-06-24
1787,Madagascar: Escape 2 Africa,3,3,2008-11-07
1788,Nerve,2,2,2016-07-27
1789,Kill Ratio,1,4,2016-12-09
1790,Ace Ventura: When Nature Calls,2,5,1995-11-10
1791,Hardcore,1,1,2016-04-08
1792,About Time,4,3,2013-11-08
1793,Bandits,4,5,2001-10-12
1794,Goldman Sachs: The Bank That Runs the World,18,4,NOT AVAILABLE
1795,Steamboy,3,2,2005-03-18
1796,Mission: Impossible,1,3,1996-05-22
1797,Biggie & Tupac,6,1,2002-05-24
1798,Bad Santa 2,4,1,2016-11-23
1799,The Kissing Booth,4,4,2018-05-11
1800,Every Day,7,4,2018-02-23
1801,Joy,7,1,2015-12-25
1802,Preservation,10,2,2015-01-09
1803,Down a Dark Hall,7,5,2018-08-17
1804,The Mummy Returns,1,2,2001-05-04
1805,The Search For Life: The Drake Equation,6,2,2010-12-14
1806,Justin and the Knights of Valor,18,4,NOT AVAILABLE
1807,Andhadhun,5,2,2018-10-05
1808,Magic Snowflake,3,3,2015-12-20
1809,Welcome to the Punch,1,2,2013-03-15
1810,Paranormal Activity 2,10,2,2010-10-22
1811,Small Is Beautiful,14,2,NOT AVAILABLE
1812,Paranormal Activity: The Marked Ones,10,1,2014-01-03
1813,100 Days Of Solitude,6,1,2018-03-16
1814,Labyrinth,2,5,1986-06-27
1815,Cabin Fever,10,4,2016-05-13
1816,The White King,7,4,2017-12-05
1817,Centurion,1,2,2010-07-30
1818,Dead Man Running,1,4,2009-10-30
1819,Haywire,1,2,2012-01-20
1820,Brannigan,1,5,1975-03-26
1821,The Girl Who Kicked the Hornets' Nest,5,3,2010-11-12
1822,Night Owls,4,2,2016-07-15
1823,"Ashley Madison: Sex, Lies and Cyber Attacks",6,2,2016-08-31
1824,Fallen,7,4,2017-09-08
1825,The Conjuring 2,10,3,2016-06-10
1826,Soni,7,1,2019-01-18
1827,I Am Not a Witch,7,5,2018-09-07
1828,Night Watch,1,3,2006-03-03
1829,Cowspiracy: The Sustainability Secret,6,2,2015-09-15
1830,Little Lunch: The Halloween Horror Story,4,4,2016-10-31
1831,Journey's End,7,3,2018-02-02
1832,Kaabil,1,5,2017-01-27
1833,Open Water 2: Adrift,2,4,2006-08-10
1834,Falcon Rising,1,4,2014-11-27
1835,Ride Along 2,1,3,2016-01-15
1836,48 Christmas Wishes,2,2,2017-11-02
1837,The Skin of the Wolf,7,3,2018-07-06
1838,Very Good Girls,7,5,2014-06-24
1839,Happy Feet Two,3,1,2011-11-18
1840,The Big Lebowski,4,4,1998-03-06
1841,Acts of Vengeance,1,3,2017-10-27
1842,Red Dragon,5,1,2002-10-04
1843,Kung Fu Jungle,1,2,2015-04-24
1844,The Secrets of Emily Blair,10,5,2016-10-01
1845,Good Sam,4,2,2019-05-16
1846,The Vow,7,1,2012-02-10
1847,Antz,3,3,1998-10-02
1848,You're Next,10,1,2013-08-23
1849,Kocan Kadar Konus 2: Dirilis,4,4,2016-01-01
1850,Den of Thieves,1,3,2018-01-19
1851,Tum Milo Toh Sahi,4,4,2010-04-02
1852,GODZILLA The Planet Eater,3,5,2019-01-09
1853,The New Adventures of Pippi Longstocking,2,5,1988-07-29
1854,The Book of Henry,5,2,2017-06-23
1855,Diamond Cartel,1,5,2017-03-24
1856,Edge of Darkness,1,1,2010-01-29
1857,Abduction,1,4,2011-09-23
1858,The Hard Way,1,5,2019-03-05
1859,Take Me,4,5,2017-05-05
1860,The House Bunny,4,1,2008-08-22
1861,My Little Pony: Equestria Girls,3,5,2016-06-15
1862,Shrek Forever After,3,3,2010-05-21
1863,Ravenous,7,4,2018-03-02
1864,Goon: Last of the Enforcers,4,4,2017-09-01
1865,When Harry Met Sally,4,2,1989-07-21
1866,1 Chance 2 Dance,7,1,2014-01-21
1867,Donnie Brasco,5,1,1997-02-28
1868,Pants on Fire,4,5,2014-11-09
1869,"Bon Cop, Bad Cop",1,3,2006-08-11
1870,IO,2,3,2019-01-18
1871,Insidious,10,3,2011-04-01
1872,Snitch,1,1,2013-02-22
1873,"My Teacher, My Obsession",7,3,2018-06-12
1874,Friday the 13th: A New Beginning,10,1,1985-03-22
1875,Dangal,1,1,2016-12-21
1876,The Sentinel,1,2,2006-04-21
1877,Fantastic Four: Rise of the Silver Surfer,1,3,2007-06-15
1878,Oscura Seduccion,17,3,2011-03-03
1879,Arctic Blast,1,1,2010-05-30
1880,Bewitched,4,5,2005-06-24
1881,Q22384647,4,3,2016-01-29
1882,The Lord of the Rings: The Return of the King,1,5,2003-12-17
1883,The Unthinkable,1,5,2018-06-20
1884,Bad Grandpa .5,4,3,2014-06-03
1885,All the Devil's Men,1,4,2019-01-24
1886,Hit and Run,10,5,2009-01-13
1887,Titanic,7,1,1997-12-19
1888,Area 51,10,3,2015-05-15
1889,Khakee,1,4,2004-01-23
1890,Murder on the Cape,7,1,2017-08-31
1891,Stretch Armstrong: The Breakout,8,2,NOT AVAILABLE
1892,Milk,7,1,2009-01-30
1893,Mandie and the Forgotten Christmas,7,2,2011-09-23
1894,What Keeps You Alive,10,4,2018-08-24
1895,Spanish Affair 2,4,3,2015-11-20
1896,Bone Tomahawk,7,3,2016-02-19
1897,Enemy at the Gates,7,2,2001-03-16
1898,In-Lawfully Yours,4,2,2016-09-06
1899,Fishpeople,6,5,NOT AVAILABLE
1900,Bait 3D,1,5,2012-09-20
1901,Retribution,1,5,2015-09-25
1902,ParaNorman,3,1,2012-08-17
1903,Left Behind,1,4,2014-10-03
1904,Spirit: Stallion of the Cimarron,3,3,2002-05-24
1905,It's Kind of a Funny Story,4,1,2010-10-08
1906,Ankhon Dekhi,4,2,2014-03-21
1907,Jupiter Ascending,1,5,2015-02-06
1908,Before I Wake,7,5,2018-01-05
1909,Sleepover,4,3,2004-07-09
1910,Mercury Rising,1,2,1998-04-03
1911,Dying of the Light,6,5,NOT AVAILABLE
1912,Arthur Christmas,3,4,2011-11-23
1913,Nostalgia,7,4,2018-02-16
1914,The Diary of a Teenage Girl,4,2,2015-08-28
1915,Cuba and the Cameraman,6,5,2017-11-24
1916,Period. End of Sentence.,6,4,2019-02-12
1917,Bound,7,5,2016-02-05
1918,Pahuna,7,3,2017-09-07
1919,Janaan,7,2,2016-09-09
1920,The Mortal Instruments: City of Bones,1,1,2013-08-21
1921,The Loft,13,4,2015-01-30
1922,Neighbors,4,3,2014-05-09
1923,He Never Died,4,1,2015-12-18
1924,Basic,1,5,2003-03-28
1925,Ghosts of Girlfriends Past,4,2,2009-05-01
1926,Bridget Jones's Baby,4,2,2016-09-16
1927,The Mystery of Sleep,6,5,NOT AVAILABLE
1928,Get the Gringo,1,2,2012-06-22
1929,Resident Evil: Extinction,1,3,2007-09-21
1930,Nine Lives,4,3,2016-08-05
1931,Bhouri,7,1,2017-02-24
1932,Robin Hood: Men in Tights,2,1,1993-07-28
1933,The Week Of,4,1,2018-04-27
1934,God of War,1,2,2017-06-02
1935,Daemonium,1,4,2016-12-20
1936,Rage,1,1,2014-05-09
1937,Waterworld,1,3,1995-07-28
1938,Riddick,1,2,2013-09-06
1939,Dorian Gray,7,2,2009-09-09
1940,6-5=2,10,4,2013-11-29
1941,Confessions of a Brazilian Call Girl,7,1,2011-02-25
1942,Company of Heroes,1,1,2013-02-26
1943,Before I Fall,7,1,2017-03-03
1944,Annie,4,4,1982-06-18
1945,Cruel Intentions,7,1,1999-03-05
1946,2 Fast 2 Furious,1,5,2003-06-06
1947,No Estoy Loca,4,3,2018-01-04
1948,Aisa Yeh Jahaan,19,4,2015-07-24
1949,Alex Strangelove,4,4,2018-06-08
1950,The Great Wall,1,2,2017-02-17
1951,99,4,1,2009-05-15
1952,​​Kuch Bheege Alfaaz,14,5,2018-02-16
1953,Audrie & Daisy,6,3,2016-09-23
1954,The Good Witch's Gift,7,3,2010-11-13
1955,Iron Man: Rise of Technovore,3,4,2013-04-09
1956,Happy Times,15,2,NOT AVAILABLE
1957,Most Likely to Die,10,5,2016-04-25
1958,The Stranger Within,9,3,NOT AVAILABLE
1959,"Love, Rosie",4,4,2014-10-22
1960,Penelope,4,2,2008-02-29
1961,The Monkey King: Havoc in Heaven's Palace,14,5,NOT AVAILABLE
1962,Murder Party,4,2,2007-01-21
1963,6 Bullets,1,1,2012-11-17
1964,After Earth,1,2,2013-05-31
1965,It Follows,10,1,2015-03-13
1966,Shutter,10,2,2008-03-21
1967,God's Own Country,7,5,2017-08-24
1968,Spellbinder,7,5,1988-09-23
1969,Spy Game,1,3,2001-11-21
1970,Mom,5,4,2017-07-07
1971,Stan Helsing,4,5,2010-03-25
1972,Geerümce,4,3,2016-12-02
1973,The Concubine,7,2,2012-06-06
1974,What a Girl Wants,4,3,2003-04-04
1975,Parker,1,3,2013-01-25
1976,Immoral Tales,7,3,1974-08-28
1977,The Notebook,7,4,2004-06-25
1978,Refugee,6,5,NOT AVAILABLE
1979,Identity Thief,4,2,2013-02-08
1980,Black Mirror: Bandersnatch,7,4,2018-12-28
1981,Rogue One: A Star Wars Story,1,5,2016-12-16
1982,Spy,1,4,2015-06-05
1983,Fate/Grand Order: First Order,3,2,2016-12-31
1984,Austenland,4,4,2013-09-27
1985,One of Us,18,1,NOT AVAILABLE
1986,Emelie,10,4,2016-03-04
1987,Sandy Wexler,4,2,2017-04-14
1988,Voyeur,6,2,2017-12-01
1989,Orphan,10,4,2009-07-24
1990,Catch and Release,4,3,2007-01-26
1991,DreamWorks Home: For the Holidays,3,4,2017-12-01
1992,Christmas Eve,4,4,2015-12-04
1993,Always Be My Maybe,4,1,2019-05-31
1994,The Crew,1,4,2018-11-15
1995,Naga The Eternal Yogi,6,1,2016-06-03
1996,The Resistance Banker,7,1,2018-03-08
1997,RED,1,2,2010-10-15
1998,The Hangover Part III,4,2,2013-05-23
1999,To All the Boys I've Loved Before,4,1,2018-08-17
2000,Be Afraid,10,2,2017-06-01
2001,Orbiter 9,7,4,2017-04-07
2002,Kingsman: The Secret Service,1,1,2015-02-13
2003,A Family Man,7,2,2017-07-28
2004,Midnight Run,1,4,1988-07-20
2005,Revenge of the Pink Panther,4,2,1978-07-19
2006,Think like a Man,4,3,2012-04-20
2007,Furry Vengeance,4,2,2010-04-30
2008,Mute,13,4,2018-02-23
2009,Striking Distance,1,3,1993-09-17
2010,The Perfect Date,4,3,2019-04-12
2011,How It Ends,1,5,2018-07-13
2012,Earth to Echo,2,2,2014-07-02
2013,Bunks,4,2,2014-06-16
2014,Burlesque,7,4,2010-11-24
2015,Ted 2,4,1,2015-06-26
2016,Monte Carlo,2,2,2011-07-01
2017,Sairat,7,2,2016-04-29
2018,From Prada to Nada,4,3,2011-01-28
2019,Walking Tall,1,5,2004-04-02
2020,Walk of Shame,4,2,2014-05-01
2021,Kis Kisko Pyaar Karoon,4,1,2015-09-25
2022,Wildflower,7,2,2016-04-05
2023,Natural Selection,7,3,2016-12-01
2024,Dragon Blade,1,2,2015-09-04
2025,Sarkar,1,4,NOT AVAILABLE
2026,Welcome 2 Karachi,1,3,2015-05-28
2027,Thick as Thieves,1,4,2009-01-09
2028,Ex Machina,7,5,2015-04-24
2029,North v South: Long Time Coming,17,1,2019-06-13
2030,Candyflip,9,5,NOT AVAILABLE
2031,The 5th Wave,1,4,2016-01-22
2032,The Virgin Suicides,7,1,2000-05-19
2033,La La Land,4,5,2016-12-25
2034,A Twelve Year Night,5,1,2018-12-28
2035,Blue Is the Warmest Color,7,5,2013-10-09
2036,The Cabin in the Woods,10,3,2012-04-13
2037,The Most Assassinated Woman in the World,7,1,2018-09-07
2038,Gerald's Game,7,2,2017-09-29
2039,Harsh Times,1,4,2006-11-10
2040,"Men, Women & Children",4,5,2014-10-17
2041,That's My Boy,4,4,2012-06-15
2042,The Lord of the Rings: The Two Towers,1,5,2002-12-18
2043,Macchli Jal Ki Rani Hai,10,2,2014-06-13
2044,The Silence,7,5,2019-04-10
2045,Spotlight,5,1,2015-11-20
2046,The Exorcism of Emily Rose,7,2,2005-09-09
2047,Jane,6,1,2017-11-24
2048,Kick-Ass 2,1,1,2013-08-16
2049,Finders Keepers,6,1,2015-09-25
2050,Adore,7,5,2013-04-03
2051,Highway,5,3,2014-02-21
2052,The Keeper,1,1,2009-10-03
2053,Two by Two,14,1,NOT AVAILABLE
2054,Tale of Tales,7,2,2016-04-22
2055,Shrek 2,3,3,2004-05-19
2056,Ghost in the Shell,1,5,2017-03-31
2057,Cargo,5,3,2018-11-13
2058,Dumplin',4,3,2018-12-07
2059,Set Up,1,3,2011-10-13
2060,The Nice Guys,1,1,2016-05-20
2061,Jobs,7,1,2013-08-16
2062,Deep,3,2,2018-01-15
2063,Bad Neighbours 2,1,5,NOT AVAILABLE
2064,Legally Blondes,4,1,2009-04-28
2065,Killer Mermaid,7,2,2014-05-01
2066,The Intervention,4,2,2016-08-26
2067,Sicario,1,1,2015-10-02
2068,Beastly,7,4,2011-03-04
2069,Finders Keepers,10,3,2014-10-18
2070,Nazi Gold in Argentina,6,5,2005-04-07
2071,Ghost House,10,4,2017-08-25
2072,Metamorphoses,7,3,2014-09-03
2073,The House Next Door,10,4,2017-11-03
2074,Requiem for the American Dream,6,1,2016-10-20
2075,Paranormal Activity 4,15,2,NOT AVAILABLE
2076,Family Blood,10,3,2018-05-04
2077,Opal Dream,7,3,2006-11-22
2078,The Crocodile Hunter: Collision Course,1,3,2002-07-12
2079,Eungyo,1,3,NOT AVAILABLE
2080,Struggle: The Life and Lost Art of Szukalski,6,5,2018-12-21
2081,The Siege of Jadotville,1,2,2016-10-07
2082,Summertime,7,3,2016-09-15
2083,Naam Shabana,1,3,2017-03-31
2084,The Villainess,1,1,2017-06-08
2085,Lucknow Central,1,4,2017-09-15
2086,Ferris Bueller's Day Off,4,2,1986-06-11
2087,Full Metal Jacket,7,1,1987-07-10
2088,1922,5,2,NOT AVAILABLE
2089,Puss in Boots,3,2,2011-10-28
2090,Fun Mom Dinner,4,4,2017-08-04
2091,The Fog,10,5,2005-10-14
2092,How to Be Single,4,1,2016-02-12
2093,Yucatán,4,3,2018-08-31
2094,#Horror,5,5,2015-11-20
2095,Cowboys & Aliens,1,4,2011-07-29
2096,Cop Out,1,1,2010-02-26
2097,Almost Friends,4,1,2017-11-17
2098,Scrooged,4,3,1988-11-23
2099,13TH,8,4,NOT AVAILABLE
2100,According to Greta,6,1,NOT AVAILABLE
2101,Happy Anniversary,4,5,2018-03-30
2102,I.T,5,4,2016-09-23
2103,The Little Death,4,1,2015-06-26
2104,Gascoigne,6,1,2015-06-08
2105,The Kidnapping of Freddy Heineken,1,3,2015-03-06
2106,Paranormal Activity 3,10,5,2011-10-21
2107,The Escorts,6,5,2011-03-01
2108,In a Valley of Violence,1,2,2016-10-21
2109,Expedition Happiness,6,2,NOT AVAILABLE
2110,London Has Fallen,1,4,2016-03-04
2111,Super Troopers,4,4,2002-02-15
2112,White Girl,5,2,2016-12-01
2113,Zero Dark Thirty,7,2,2013-01-11
2114,King Kong,1,5,2005-12-14
2115,Anchorman: The Legend Continues,4,1,2013-12-18
2116,Plastic,1,2,2014-09-26
2117,Snow White and the Huntsman,1,3,2012-06-01
2118,Albion: The Enchanted Stallion,1,4,2017-04-04
2119,The Christmas Chronicles,2,3,2018-11-22
2120,Dead Rising: Watchtower,1,4,2015-03-27
2121,I Don't Feel at Home in This World Anymore,4,2,2017-02-24
2122,Last Tango in Paris,7,2,1973-02-07
2123,The Road to El Dorado,3,3,2000-03-31
2124,Scouts vs. Zombies,1,5,2015-10-30
2125,Otto the Rhino,3,4,2013-02-07
2126,Lust Stories,7,5,2018-06-15
2127,GANTZ:O,3,2,2016-10-14
2128,The World's End,1,4,2013-08-23
2129,The Neon Demon,10,5,2016-06-24
2130,Madaari,2,5,2016-07-22
2131,Nails,10,5,2017-11-17
2132,Three Kingdoms: Resurrection of the Dragon,1,2,2008-04-03
2133,Jaws,2,2,1975-06-20
2134,Sunrise,5,4,2016-03-02
2135,The Back-up Plan,4,5,2010-04-23
2136,Sun Dogs,4,5,2018-04-06
2137,The Arrival,15,1,1996-05-31
2138,"Crazy, Stupid, Love.",4,5,2011-07-29
2139,6 Years,7,1,2015-08-18
2140,The Bank Job,5,1,2008-03-07
2141,Deidra & Laney Rob a Train,4,5,2017-03-17
2142,Lady Chatterley's Lover,7,1,1982-05-07
2143,Agyaat,7,5,2009-08-07
2144,You Got Served,7,1,2004-01-30
2145,The Beach,2,1,2000-02-11
2146,Sand Storm,7,4,2016-09-15
2147,Shut In,7,4,2016-11-11
2148,Ski School,4,1,1991-01-11
2149,The Darkness,10,2,2016-05-13
2150,Ghost Patrol,3,4,2016-10-09
2151,"The Good, the Bad and the Ugly",19,3,1967-12-29
2152,Last Passenger,1,3,2014-04-25
2153,Dismissed,7,3,2019-01-03
2154,Standing Ovation,12,3,2010-07-16
2155,Clueless,4,2,1995-07-19
2156,Pandora,1,4,2017-03-17
2157,Extinction,7,5,2015-07-31
2158,Drive Angry,1,1,2011-02-25
2159,Nymphomaniac: Volume 1,7,4,2014-03-06
2160,The Collector,1,5,2009-07-31
2161,Felony,5,4,2014-08-28
2162,Charlotte's Web,4,2,2006-12-15
2163,Wake Wood,7,1,2011-03-25
2164,Suicide Squad,1,4,2016-08-05
2165,Lo más sencillo es complicarlo todo,4,4,2018-01-26
2166,Air Buddies,2,5,2006-12-12
2167,Lemony Snicket's A Series of Unfortunate Events,2,2,2004-12-17
2168,My Girl 2,4,4,1994-02-11
2169,Perdida,5,4,2018-08-09
2170,Sharknado 5: Global Swarming,1,4,2017-08-06
2171,In the Shadow of Iris,6,4,NOT AVAILABLE
2172,The Last Airbender,1,3,2010-07-01
2173,Savita Damodar Paranjpe,17,4,2018-09-07
2174,Going for Gold,7,2,2018-05-17
2175,Romancing the Stone,1,2,1984-03-30
2176,Jessica Darling's It List,8,3,2016-06-21
2177,Monkey Up,4,5,2016-01-22
2178,Liberated: The New Sexual Revolution,6,4,2017-04-01
2179,The Bleeder,7,1,2017-05-05
2180,Elysium,1,2,2013-08-09
2181,Jason Bourne,1,4,2016-07-29
2182,Speech & Debate,4,1,2017-04-07
2183,Gun Shy,1,3,2017-09-08
2184,Her Own Justice,17,3,2015-11-08
2185,Let's Be Cops,1,3,2014-08-13
2186,Shanghai,5,5,2012-06-08
2187,Dilwale,1,2,2015-12-18
2188,The Gambler,5,4,2014-12-25
2189,Maximum Ride,1,4,2016-08-30
